date,Altcoin Market Cap,Bitcoin Market Cap,Total Market Cap
1455840000.0,1049336675.44,6435326200.45,7484662875.889999
1455926400.0,1038201481.35,6659557330.12,7697758811.47
1456099200.0,1146660871.88,6685299212.3,7831960084.18
1456185600.0,1126162910.0,6396818224.93,7522981134.93
1456272000.0,1190031281.94,6420899755.28,7610931037.219999
1456358400.0,1144723512.36,6467023017.0,7611746529.36
1456444800.0,1163213801.35,6565982455.5,7729196256.85
1456531200.0,1190882108.55,6506687805.75,7697569914.3
1456617600.0,1213689058.82,6675612710.38,7889301769.2
1456704000.0,1199683494.71,6662446584.05,7862130078.76
1456790400.0,1284278995.98,6626506923.6,7910785919.58
1456876800.0,1360790694.99,6426973080.0,7787763774.99
1456963200.0,1418304737.54,6493828921.85,7912133659.39
1457049600.0,1522505589.11,6249195621.25,7771701210.36
1457136000.0,1601892438.79,6148846166.07,7750738604.86
1457222400.0,1558510511.98,6265639929.32,7824150441.299999
1457308800.0,1437762498.99,6361940474.92,7799702973.91
1457395200.0,1564342422.79,6299091353.88,7863433776.67
1457481600.0,1691662338.12,6326757581.73,8018419919.849999
1457568000.0,1625951701.56,6452303123.18,8078254824.74
1457654400.0,1842807331.17,6365190924.4,8207998255.57
1457740800.0,1895847551.59,6339923028.75,8235770580.34
1457827200.0,1857129834.84,6378073330.2,8235203165.04
1457913600.0,1764387711.08,6401551664.38,8165939375.46
1458000000.0,1823188070.34,6380556370.17,8203744440.51
1458086400.0,1756195684.28,6435605950.3,8191801634.58
1458172800.0,1598552862.54,6402774683.9,8001327546.44
1458259200.0,1530286736.92,6281751133.9,7812037870.82
1458345600.0,1597868187.38,6319501647.6,7917369834.9800005
1458432000.0,1588622949.55,6305552571.73,7894175521.28
1458518400.0,1683775130.75,6398392346.1,8082167476.85
1458604800.0,1717452939.06,6423460341.9,8140913280.959999
1458691200.0,1686576720.18,6418763922.4,8105340642.58
1458777600.0,1649153057.99,6393016010.05,8042169068.04
1458864000.0,1656810351.59,6421104932.02,8077915283.610001
1458950400.0,1667786313.22,6422508694.05,8090295007.27
1459036800.0,1683013932.77,6549309182.85,8232323115.620001
1459123200.0,1693256223.09,6522271609.68,8215527832.77
1459209600.0,1720266767.3,6370307496.75,8090574264.05
1459296000.0,1710359398.95,6405171784.05,8115531183.0
1459382400.0,1699554623.75,6405705894.0,8105260517.75
1459468800.0,1680677651.12,6473908571.9,8154586223.0199995
1459555200.0,1695383085.86,6466468893.52,8161851979.38
1459641600.0,1708561573.42,6500566194.53,8209127767.95
1459728000.0,1644458497.38,6521821509.45,8166280006.83
1459814400.0,1599748448.33,6533235834.9,8132984283.23
1459900800.0,1614980796.13,6501247179.9,8116227976.03
1459987200.0,1550679274.21,6532873176.15,8083552450.36
1460073600.0,1530373024.12,6438285674.15,7968658698.2699995
1460160000.0,1398842486.95,6473485254.3,7872327741.25
1460246400.0,1373917608.0,6495266900.18,7869184508.18
1460332800.0,1311359203.27,6561977002.8,7873336206.07
1460419200.0,1262584892.28,6560529803.1,7823114695.38
1460505600.0,1349422720.15,6531992080.57,7881414800.719999
1460592000.0,1371921935.97,6560001051.2,7931922987.17
1460678400.0,1359430368.41,6654426699.75,8013857068.16
1460764800.0,1406777279.52,6633200452.73,8039977732.25
1460851200.0,1453923244.41,6622978986.0,8076902230.41
1460937600.0,1472532775.15,6620756666.8,8093289441.950001
1461024000.0,1432013797.26,6742868352.5,8174882149.76
1461110400.0,1446424621.94,6823715743.95,8270140365.889999
1461196800.0,1415439897.8,6883145722.0,8298585619.8
1461283200.0,1387157463.81,6883222520.45,8270379984.26
1461369600.0,1423912324.42,7005305054.47,8429217378.89
1461456000.0,1403521677.8,7072938383.7,8476460061.5
1461542400.0,1342079339.63,7176218359.98,8518297699.61
1461628800.0,1349401651.72,7222188437.5,8571590089.22
1461715200.0,1345653666.74,6831230230.38,8176883897.12
1461801600.0,1351078976.27,6941618620.65,8292697596.92
1461888000.0,1366049415.1,7028645291.25,8394694706.35
1461974400.0,1449391061.71,6962258184.7,8411649246.41
1462060800.0,1478733729.42,7006893765.75,8485627495.17
1462147200.0,1519842153.9,6891829036.3,8411671190.200001
1462233600.0,1500056602.57,6972717002.85,8472773605.42
1462320000.0,1500388111.37,6929624417.8,8430012529.17
1462406400.0,1536932891.67,6975799194.0,8512732085.67
1462492800.0,1515585274.9,7107616192.5,8623201467.4
1462579200.0,1479239935.39,7123956520.0,8603196455.39
1462665600.0,1529638617.4,7088291270.4,8617929887.8
1462752000.0,1504556461.91,7140298920.3,8644855382.210001
1462838400.0,1499442708.29,7032174874.45,8531617582.74
1462924800.0,1536200913.83,6983074720.58,8519275634.41
1463011200.0,1613795504.43,7049792273.1,8663587777.53
1463097600.0,1571104656.88,7077102248.45,8648206905.33
1463184000.0,1562284130.17,7084362991.4,8646647121.57
1463270400.0,1567158758.36,7096329455.22,8663488213.58
1463356800.0,1657886941.15,7065370181.0,8723257122.15
1463443200.0,1771556105.3,7076217450.0,8847773555.3
1463529600.0,1833147973.41,7069987083.38,8903135056.79
1463616000.0,1912212321.06,6882123992.25,8794336313.31
1463702400.0,1855648699.2,6879651352.9,8735300052.1
1463788800.0,1896166743.02,6895432568.7,8791599311.72
1463875200.0,1915652931.94,6878058386.85,8793711318.79
1463961600.0,1852566989.12,6928074774.0,8780641763.119999
1464048000.0,1749043596.41,6982849442.4,8731893038.81
1464134400.0,1770920195.02,7016174631.0,8787094826.02
1464220800.0,1733165938.33,7418403451.55,9151569389.880001
1464307200.0,1664974747.57,7832268545.4,9497243292.97
1464393600.0,1810771065.09,8130232593.0,9941003658.09
1464480000.0,1960084935.86,8309744445.45,10269829381.31
1464566400.0,1992750242.19,8422014386.25,10414764628.44
1464652800.0,2098076865.45,8310104588.92,10408181454.37
1464739200.0,2081842146.62,8400281258.48,10482123405.099998
1464825600.0,2095976709.85,8394395126.4,10490371836.25
1464912000.0,2100833880.07,9035312051.95,11136145932.02
1464998400.0,2101165773.9,9008526139.12,11109691913.02
1465084800.0,2122196870.42,9100295461.6,11222492332.02
1465171200.0,2137205985.67,9140978617.23,11278184602.9
1465257600.0,2182329557.11,8967156503.2,11149486060.310001
1465344000.0,2185126597.57,9042266962.27,11227393559.84
1465430400.0,2175910161.48,8982882720.9,11158792882.38
1465516800.0,2151409118.33,9115871032.8,11267280151.13
1465603200.0,2222372220.36,9816178590.0,12038550810.36
1465689600.0,2405070339.94,10639573103.2,13044643443.140001
1465776000.0,2600911398.66,10794625551.0,13395536949.66
1465862400.0,2669878672.68,10660270686.1,13330149358.78
1465948800.0,2817878270.39,11491342956.7,14309221227.09
1466035200.0,2830298023.49,11239205859.4,14069503882.89
1466121600.0,2214097637.25,11684929339.0,13899026976.25
1466208000.0,2091013789.26,11802180693.5,13893194482.76
1466294400.0,1972654396.49,11945254502.4,13917908898.89
1466380800.0,2043893308.89,11134641506.1,13178534814.99
1466467200.0,2368721782.44,10441216757.0,12809938539.44
1466553600.0,2061440750.75,9269723956.5,11331164707.25
1466640000.0,2199473272.82,10228012314.1,12427485586.92
1466726400.0,2231171591.01,10579635126.4,12810806717.41
1466812800.0,2229667258.16,10252271991.6,12481939249.76
1466899200.0,2217880988.36,10146893275.8,12364774264.16
1466985600.0,2234788355.68,10198889191.9,12433677547.58
1467072000.0,2114063425.38,9978200989.2,12092264414.580002
1467158400.0,2158262575.7,10057712569.6,12215975145.3
1467244800.0,2165942787.5,10751828287.7,12917771075.2
1467331200.0,2136369444.01,10665085087.8,12801454531.81
1467417600.0,2145540767.88,10890183097.3,13035723865.18
1467504000.0,2181543100.54,10606367151.6,12787910252.14
1467590400.0,2092984434.06,10668568224.1,12761552658.16
1467676800.0,2064661303.15,10643530071.5,12708191374.65
1467763200.0,1920724490.79,10115830320.8,12036554811.59
1467849600.0,1935036773.73,10072262214.4,12007298988.13
1467936000.0,2047834360.74,10369251933.5,12417086294.24
1468022400.0,2050841900.4,10168424458.2,12219266358.6
1468108800.0,2050557861.69,10253360951.9,12303918813.59
1468195200.0,2098351650.43,10194523478.5,12292875128.93
1468281600.0,2250641172.72,10476459213.2,12727100385.92
1468368000.0,2355149261.67,10337912562.6,12693061824.27
1468454400.0,2474967545.65,10450339467.5,12925307013.15
1468540800.0,2427896339.34,10476237965.6,12904134304.94
1468627200.0,2391603942.04,10489801364.6,12881405306.64
1468713600.0,2377083413.83,10710311564.2,13087394978.03
1468800000.0,2375935148.16,10606229491.2,12982164639.36
1468886400.0,2510741852.99,10580450794.1,13091192647.09
1468972800.0,2537423174.98,10462797627.8,13000220802.779999
1469059200.0,2566353864.84,10502456902.7,13068810767.54
1469145600.0,2732483934.21,10286403809.0,13018887743.21
1469232000.0,2724782751.16,10321581238.3,13046363989.46
1469318400.0,2479014844.86,10370001267.4,12849016112.26
1469404800.0,2503436432.47,10191791788.9,12695228221.369999
1469491200.0,2439513756.92,10316848341.6,12756362098.52
1469577600.0,2456015027.15,10344751114.3,12800766141.449999
1469664000.0,2435422038.15,10349032540.7,12784454578.85
1469750400.0,2437019144.23,10352501700.2,12789520844.43
1469836800.0,2400555707.79,10049382341.1,12449938048.89
1469923200.0,2353101366.06,9856777651.92,12209879017.98
1470009600.0,2246308921.0,9534718230.14,11781027151.14
1470096000.0,2123845285.2,8694610119.22,10818455404.42
1470182400.0,2240943148.21,9063488661.46,11304431809.669998
1470268800.0,2259685963.44,9017231719.08,11276917682.52
1470355200.0,2304471533.83,9015506601.07,11319978134.9
1470441600.0,2320316507.06,9308426276.66,11628742783.72
1470528000.0,2289647594.78,9293520577.75,11583168172.53
1470614400.0,2309914983.93,9289301246.54,11599216230.470001
1470700800.0,2397421816.8,9299588738.7,11697010555.5
1470787200.0,2315908373.15,9377883871.34,11693792244.49
1470873600.0,2312741124.8,9282714659.95,11595455784.75
1470960000.0,2320632220.69,9302175905.95,11622808126.640001
1471046400.0,2330704287.09,9206214252.0,11536918539.09
1471132800.0,2295382485.61,9056359378.8,11351741864.41
1471219200.0,2269581105.24,8971470214.46,11241051319.699999
1471305600.0,2292892868.61,9134052012.88,11426944881.49
1471392000.0,2276548659.76,9085923089.47,11362471749.23
1471478400.0,2251359025.5,9086037394.75,11337396420.25
1471564800.0,2289396684.93,9106751666.3,11396148351.23
1471651200.0,2278283213.87,9108821225.05,11387104438.919998
1471737600.0,2295099661.26,9193176007.72,11488275668.98
1471824000.0,2294891476.33,9319922948.38,11614814424.71
1471910400.0,2240341325.53,9195427418.83,11435768744.36
1471996800.0,2236264085.93,9123883900.85,11360147986.78
1472083200.0,2221321007.35,9138314153.35,11359635160.7
1472169600.0,2216778061.38,9121364349.3,11338142410.68
1472256000.0,2209643148.04,9048622973.87,11258266121.91
1472342400.0,2256900707.64,9108628456.9,11365529164.539999
1472428800.0,2285937460.08,9155436768.0,11441374228.08
1472515200.0,2281825580.69,9102757370.06,11384582950.75
1472601600.0,2369604527.55,9105840866.35,11475445393.900002
1472688000.0,2327547986.32,9051761724.6,11379309710.92
1472774400.0,2400369790.46,9099101180.23,11499470970.689999
1472860800.0,2347451916.7,9478925344.55,11826377261.25
1472947200.0,2606514950.2,9623762993.45,12230277943.650002
1473033600.0,2602837064.72,9606888637.26,12209725701.98
1473120000.0,2579071089.79,9655566644.4,12234637734.189999
1473206400.0,2575516432.96,9742541998.32,12318058431.279999
1473292800.0,2568669459.21,9867527328.34,12436196787.55
1473379200.0,2586909715.35,9873990997.1,12460900712.45
1473465600.0,2626977447.59,9889595343.6,12516572791.19
1473552000.0,2564830495.33,9646561446.38,12211391941.71
1473638400.0,2598439102.94,9647244529.16,12245683632.1
1473724800.0,2583055306.15,9660593945.38,12243649251.529999
1473811200.0,2603571792.37,9668936853.83,12272508646.2
1473897600.0,2627230377.94,9655907603.69,12283137981.630001
1473984000.0,2655536188.03,9640060514.86,12295596702.890001
1474070400.0,2660977251.78,9619371006.5,12280348258.28
1474156800.0,2682213285.06,9673570780.64,12355784065.699999
1474243200.0,2718760155.82,9669067593.98,12387827749.8
1474329600.0,2763941647.92,9504441219.94,12268382867.86
1474416000.0,2664849391.89,9492347615.81,12157197007.699999
1474502400.0,2679422964.93,9479924992.56,12159347957.49
1474588800.0,2706352716.69,9599981278.7,12306333995.390001
1474675200.0,2705884231.29,9576090828.48,12281975059.77
1474761600.0,2703882028.95,9541960466.18,12245842495.130001
1474848000.0,2697699569.93,9640187168.22,12337886738.15
1474934400.0,2728594868.23,9612499538.88,12341094407.109999
1475020800.0,2736733572.15,9623191215.26,12359924787.41
1475107200.0,2729734221.38,9610186649.54,12339920870.920002
1475193600.0,2701084218.9,9732419293.28,12433503512.18
1475280000.0,2677404497.71,9732396047.4,12409800545.11
1475366400.0,2678214269.3,9735228509.18,12413442778.48
1475452800.0,2600336069.49,9704056593.84,12304392663.33
1475539200.0,2688686651.87,9708431183.88,12397117835.75
1475625600.0,2625117431.13,9731077868.88,12356195300.009998
1475712000.0,2624845908.23,9753569265.0,12378415173.23
1475798400.0,2537305469.46,9842885461.5,12380190930.96
1475884800.0,2540739474.67,9823609324.69,12364348799.36
1475971200.0,2509324688.22,9842134269.74,12351458957.96
1476057600.0,2526868302.74,10054928247.8,12581796550.539999
1476144000.0,2512643709.3,10159164785.9,12671808495.2
1476230400.0,2495084603.36,10162903828.0,12657988431.36
1476316800.0,2504696159.29,10149697457.7,12654393616.990002
1476403200.0,2515314556.08,10213639989.0,12728954545.08
1476489600.0,2486004424.69,10198539444.3,12684543868.99
1476576000.0,2478040944.42,10195063874.9,12673104819.32
1476662400.0,2589702000.29,10172630705.2,12762332705.490002
1476748800.0,2557799973.33,10159913440.5,12717713413.83
1476835200.0,2526956412.36,10036834221.0,12563790633.36
1476921600.0,2531317585.91,10065641132.9,12596958718.81
1477008000.0,2541609228.38,10134825657.8,12676434886.18
1477094400.0,2546806222.19,10487806378.7,13034612600.890001
1477180800.0,2539553115.52,10432323772.2,12971876887.720001
1477267200.0,2503507852.1,10488343212.6,12991851064.7
1477353600.0,2495969784.36,10563385441.0,13059355225.36
1477440000.0,2467923322.26,10959584914.5,13427508236.76
1477526400.0,2428602747.13,10908987719.8,13337590466.93
1477612800.0,2378210943.26,11206623052.2,13584833995.460001
1477699200.0,2265940459.23,11287971481.2,13553911940.43
1477785600.0,2391908307.93,11161656808.7,13553565116.630001
1477872000.0,2325377339.6,11405361461.9,13730738801.5
1477958400.0,2333254337.18,11626148139.7,13959402476.880001
1478044800.0,2174466216.76,11843162496.5,14017628713.26
1478131200.0,2159440313.52,11071945554.6,13231385868.12
1478217600.0,2200142492.05,11198109031.5,13398251523.55
1478304000.0,2324976354.41,11383880373.9,13708856728.31
1478390400.0,2200495820.6,11281886146.7,13482381967.300001
1478476800.0,2208263031.46,11223631461.1,13431894492.560001
1478563200.0,2151755495.66,11783191519.4,13934947015.06
1478649600.0,2166909105.44,11417196267.2,13584105372.640001
1478736000.0,2154858868.44,11449892640.7,13604751509.140001
1478822400.0,2158070038.7,11409494600.4,13567564639.099998
1478908800.0,2140253592.17,11075570684.6,13215824276.77
1478995200.0,2145965473.77,11245059200.6,13391024674.37
1479081600.0,2142967940.96,11378500754.7,13521468695.66
1479168000.0,2159425064.52,11413686991.9,13573112056.42
1479254400.0,2114578211.68,12019705140.6,14134283352.28
1479340800.0,2102621712.25,11891813317.5,13994435029.75
1479427200.0,2059321403.25,12081474024.2,14140795427.45
1479513600.0,2059173832.15,12083140420.5,14142314252.65
1479600000.0,2060937578.6,11751446838.3,13812384416.9
1479686400.0,2092755886.82,11845529083.5,13938284970.32
1479772800.0,2073792229.17,11958035807.9,14031828037.07
1479859200.0,2059382875.69,11872749803.8,13932132679.49
1479945600.0,2003373105.22,11792687850.3,13796060955.519999
1480032000.0,2002577488.13,11859154942.0,13861732430.130001
1480118400.0,2023610469.41,11768566200.3,13792176669.71
1480204800.0,1977576088.57,11801582787.2,13779158875.77
1480291200.0,1934090977.7,11781958159.2,13716049136.900002
1480377600.0,1932112041.08,11906915661.0,13839027702.08
1480464000.0,1947386945.05,12012199522.1,13959586467.15
1480550400.0,1893349790.8,12402599227.8,14295949018.599998
1480636800.0,1888294999.78,12260354900.8,14148649900.58
1480723200.0,1887661194.6,12343747750.4,14231408945.0
1480809600.0,1834266666.03,12199966828.0,14034233494.03
1480896000.0,1721747070.32,12190409904.3,13912156974.619999
1480982400.0,1808170346.11,12190170971.1,13998341317.210001
1481068800.0,1962698916.99,12328079465.0,14290778381.99
1481155200.0,1945977734.48,12377735184.9,14323712919.38
1481241600.0,1945589334.44,12407922282.9,14353511617.34
1481328000.0,1945089150.5,12291259144.0,14236348294.5
1481414400.0,1930618266.16,12396657512.6,14327275778.76
1481500800.0,1942650837.63,12508787828.3,14451438665.93
1481587200.0,1954316704.2,12541395645.3,14495712349.5
1481673600.0,1934144123.96,12508112877.0,14442257000.96
1481760000.0,1918629402.06,12569149183.0,14487778585.06
1481846400.0,1892979537.09,12696747084.3,14589726621.39
1481932800.0,1901880616.41,12694524845.0,14596405461.41
1482019200.0,1919791583.93,12726337410.2,14646128994.130001
1482105600.0,1921806331.29,12733434199.9,14655240531.189999
1482192000.0,1934667679.91,12984522464.4,14919190144.31
1482278400.0,1918154061.57,13870988378.8,15789142440.369999
1482364800.0,1934507370.76,14640424163.1,16574931533.86
1482451200.0,1958253045.35,14735914834.6,16694167879.95
1482537600.0,1944067586.53,14046038971.2,15990106557.730001
1482624000.0,1972781676.13,14557227032.6,16530008708.73
1482710400.0,1976262948.25,14695321063.0,16671584011.25
1482796800.0,2001998730.84,15339377638.8,17341376369.64
1482883200.0,2090189340.49,15655479754.3,17745669094.79
1482969600.0,2173929347.87,15315541720.7,17489471068.57
1483056000.0,2129459400.1,15331933363.7,17461392763.8
1483142400.0,2184837494.62,15470433267.3,17655270761.92
1483228800.0,2180105614.24,16285846732.0,18465952346.239998
1483315200.0,2268124509.02,16516765203.8,18784889712.82
1483401600.0,2500927867.73,17215794089.6,19716721957.329998
1483488000.0,2741118891.08,19080681906.0,21821800797.08
1483574400.0,2482094306.21,16102132439.5,18584226745.71
1483660800.0,2196564490.2,13460977927.4,15657542417.599998
1483747200.0,2312686153.6,14982779966.2,17295466119.8
1483833600.0,2321823206.49,14328094465.6,16649917672.09
1483920000.0,2370293670.36,14581176639.0,16951470309.36
1484006400.0,2425907958.73,14746576381.9,17172484340.63
1484092800.0,2119987540.81,12165451188.9,14285438729.71
1484179200.0,2204302498.49,12593007185.0,14797309683.49
1484265600.0,2246733517.31,13228553687.6,15475287204.91
1484352000.0,2263812873.82,13111892097.0,15375704970.82
1484438400.0,2283014114.79,13397481669.0,15680495783.79
1484524800.0,2317150299.45,14232418581.1,16549568880.55
1484611200.0,2370201640.48,14460007855.0,16830209495.48
1484697600.0,2370200938.16,14324120262.7,16694321200.86
1484784000.0,2431478590.83,14447251305.5,16878729896.33
1484870400.0,2447955309.34,14815873610.8,17263828920.14
1484956800.0,2495029673.98,15086437609.6,17581467283.58
1485043200.0,2463045490.45,14881058261.6,17344103752.05
1485129600.0,2458810807.9,14819388080.2,17278198888.100002
1485216000.0,2424909836.98,14512504717.5,16937414554.48
1485302400.0,2440045133.38,14563129351.0,17003174484.380001
1485388800.0,2476022004.21,14871434670.9,17347456675.11
1485475200.0,2478290613.68,14878693933.4,17356984547.079998
1485561600.0,2492902031.11,14885498426.4,17378400457.51
1485648000.0,2510349499.2,14882586386.1,17392935885.3
1485734400.0,2537086641.1,15054190663.3,17591277304.399998
1485820800.0,2587565030.25,15839704609.5,18427269639.75
1485907200.0,2591842652.82,15993221714.5,18585064367.32
1485993600.0,2632861822.88,16582562829.0,19215424651.88
1486080000.0,2704916826.17,16573555399.5,19278472225.67
1486166400.0,2695695094.02,16823972464.7,19519667558.72
1486252800.0,2700426645.26,16783891010.0,19484317655.260002
1486339200.0,2762848944.57,17104684050.7,19867532995.27
1486425600.0,2778135200.38,17414654012.5,20192789212.88
1486512000.0,2716756097.63,17223892168.0,19940648265.63
1486598400.0,2561074440.31,15683863230.4,18244937670.71
1486684800.0,2641463532.7,16187297540.0,18828761072.7
1486771200.0,2608330690.53,16148092614.3,18756423304.829998
1486857600.0,2637389410.01,16182239337.0,18819628747.010002
1486944000.0,2693008985.23,16150725099.4,18843734084.63
1487030400.0,2790160881.17,16189726415.5,18979887296.67
1487116800.0,2799728333.95,16403703111.4,19203431445.35
1487203200.0,2812720097.13,16685570357.5,19498290454.63
1487289600.0,2808988626.14,17106502760.9,19915491387.04
1487376000.0,2801408778.55,17090265241.6,19891674020.15
1487462400.0,2769399125.03,16969174453.3,19738573578.329998
1487548800.0,2718035176.12,17534090709.2,20252125885.32
1487635200.0,2720525403.85,17864608368.8,20585133772.649998
1487721600.0,2760276346.32,18143568646.5,20903844992.82
1487808000.0,2753662194.11,18536042297.5,21289704491.61
1487894400.0,2789992240.19,18889787154.0,21679779394.19
1487980800.0,2836449590.47,18658959292.0,21495408882.47
1488067200.0,2940549927.5,18935553036.2,21876102963.7
1488153600.0,3052000196.7,19072952316.2,22124952512.9
1488240000.0,3125360189.76,19132402477.5,22257762667.260002
1488326400.0,3341328948.53,19746374068.9,23087703017.43
1488412800.0,3665218759.9,20398229435.2,24063448195.100002
1488499200.0,3689046543.76,20649507152.0,24338553695.760002
1488585600.0,3536830258.7,20073247575.0,23610077833.7
1488672000.0,3662675134.43,20606259261.6,24268934396.03
1488758400.0,3668832255.51,20474988862.9,24143821118.410004
1488844800.0,3474620727.67,19081329445.6,22555950173.269997
1488931200.0,3403327756.56,18983522967.5,22386850724.06
1489017600.0,3517638279.25,19172644400.0,22690282679.25
1489104000.0,3653245217.03,19057112623.6,22710357840.629997
1489190400.0,4133699201.7,19110277834.3,23243977036.0
1489276800.0,4571731613.34,19770931755.8,24342663369.14
1489363200.0,4952983274.72,19836556179.0,24789539453.72
1489449600.0,5020539710.48,20211634468.0,25232174178.48
1489536000.0,6304483246.12,20084163293.2,26388646539.32
1489622400.0,7608536942.18,18490541394.0,26099078336.18
1489708800.0,6253769417.21,17580498146.6,23834267563.809998
1489795200.0,6287953765.49,16367632842.5,22655586607.989998
1489881600.0,6871369221.06,16930643008.5,23802012229.56
1489968000.0,6759619417.89,17677116769.8,24436736187.69
1490054400.0,6761018624.02,17931987808.8,24693006432.82
1490140800.0,6643069377.51,16828494570.0,23471563947.510002
1490227200.0,6928211072.49,16492023460.2,23420234532.690002
1490313600.0,7542298295.63,14689267924.6,22231566220.23
1490400000.0,7504309024.9,15733068468.0,23237377492.9
1490486400.0,7727996546.37,15951960233.8,23679956780.17
1490572800.0,7484062816.62,16883526423.7,24367589240.32
1490659200.0,7738100923.48,16628989285.9,24367090209.379997
1490745600.0,7991468527.53,16907678551.5,24899147079.03
1490832000.0,8210684591.61,16925915086.3,25136599677.91
1490918400.0,8307069773.97,17397396368.9,25704466142.870003
1491004800.0,8434519630.47,17479434124.9,25913953755.370003
1491091200.0,8817631407.74,18444351673.8,27261983081.54
1491177600.0,8287415852.18,18629019580.4,26916435432.58
1491264000.0,8770388012.18,18357356540.0,27127744552.18
1491350400.0,8519012055.09,18617553216.0,27136565271.09
1491436800.0,8286879360.42,19002108050.2,27288987410.620003
1491523200.0,8384797661.85,19112732643.0,27497530304.85
1491609600.0,8536884313.38,19156378437.0,27693262750.38
1491696000.0,8314873385.79,19273419116.2,27588292501.99
1491782400.0,8440168328.03,19332782216.0,27772950544.03
1491868800.0,8423942327.4,19592847022.5,28016789349.9
1491955200.0,9137326176.19,19586761156.5,28724087332.690002
1492041600.0,9168349225.31,19174300690.2,28342649915.510002
1492128000.0,9048533333.5,19029302581.7,28077835915.2
1492214400.0,9420570599.88,19192185034.0,28612755633.879997
1492300800.0,9277095567.39,19190903299.9,28467998867.29
1492387200.0,9383261740.53,19686594688.0,29069856428.53
1492473600.0,9684695014.72,19770121219.5,29454816234.22
1492560000.0,9428697234.35,19701739775.8,29130437010.15
1492646400.0,9469440778.13,20022972280.9,29492413059.03
1492732800.0,9491427932.2,19907450872.6,29398878804.8
1493251200.0,12392057297.0,21604985177.0,33997042474.0
1493337600.0,13440942512.0,21614217185.0,35055159697.0
1493424000.0,13844523796.0,21455092113.0,35299615909.0
1493510400.0,15428576980.0,22334344088.0,37762921068.0
1493596800.0,14834197274.0,23410293261.0,38244490535.0
1493683200.0,14843073102.0,23787497034.0,38630570136.0
1493769600.0,16353150768.0,24512908728.0,40866059496.0
1493856000.0,19314764082.0,25749166022.0,45063930104.0
1493942400.0,19848149914.0,25485772689.0,45333922603.0
1494028800.0,20434599885.0,25819361804.0,46253961689.0
1494115200.0,24114426462.0,26674257224.0,50788683686.0
1494201600.0,23141030332.0,28466472303.0,51607502635.0
1494288000.0,24322334599.0,28413685016.0,52736019615.0
1494374400.0,22536389290.0,29623597333.0,52159986623.0
1494460800.0,24166240853.0,29276867576.0,53443108429.0
1494547200.0,24576935716.0,27579357250.0,52156292966.0
1494633600.0,25475323123.0,29406535920.0,54881859043.0
1494720000.0,25945124867.0,28924702377.0,54869827244.0
1494806400.0,28270889432.0,27860625425.0,56131514857.0
1494892800.0,32885291765.0,28178142650.0,61063434415.0
1494979200.0,31445206158.0,30058435173.0,61503641331.0
1495065600.0,34153856021.0,31374575909.0,65528431930.0
1495152000.0,35501166657.0,32595690453.0,68096857110.0
1495238400.0,37895696104.0,33964469429.0,71860165533.0
1495324800.0,41792628166.0,35263863473.0,77056491639.0
1495411200.0,41740021682.0,36803520187.0,78543541869.0
1495497600.0,47474300261.0,38839413440.0,86313713701.0
1495584000.0,41866919965.0,42136526498.0,84003446463.0
1495670400.0,44691645349.0,40553602477.0,85245247826.0
1495756800.0,33459326338.0,33969763029.0,67429089367.0
1495843200.0,38141114109.0,35510563688.0,73651677797.0
1495929600.0,36060862531.0,34719871682.0,70780734213.0
1496016000.0,42350852410.0,37272511738.0,79623364148.0
1496102400.0,41624432183.0,35646415448.0,77270847631.0
1496188800.0,47191769140.0,38696092164.0,85887861304.0
1496275200.0,49083289258.0,39714856689.0,88798145947.0
1496361600.0,48171874837.0,39770114137.0,87941988974.0
1496448000.0,49362180261.0,41042953088.0,90405133349.0
1496534400.0,52013101368.0,41907680117.0,93920781485.0
1496620800.0,53446191266.0,46287224590.0,99733415856.0
1496707200.0,55180691549.0,46576879805.0,101757571354.0
1496793600.0,54480720655.0,45421815896.0,99902536551.0
1496880000.0,56039207627.0,46290979918.0,102330187545.0
1496966400.0,58421445358.0,46493661931.0,104915107289.0
1497052800.0,61874515778.0,47137829467.0,109012345245.0
1497139200.0,65070667094.0,48962493042.0,114033160136.0
1497225600.0,66497852667.0,43960417611.0,110458270278.0
1497312000.0,70419919826.0,45056740475.0,115476660301.0
1497398400.0,63405123770.0,40596114055.0,104001237825.0
1497484800.0,63922727656.0,40196994059.0,104119721715.0
1497571200.0,66727719858.0,41770041596.0,108497761454.0
1497657600.0,69116069179.0,43325895701.0,112441964880.0
1497744000.0,69330501154.0,42365276005.0,111695777159.0
1497830400.0,71046830483.0,43073158947.0,114119989430.0
1497916800.0,68755226807.0,45333013802.0,114088240609.0
1498003200.0,65777078806.0,43400922653.0,109178001459.0
1498089600.0,66467410398.0,44608225763.0,111075636161.0
1498176000.0,69653918199.0,44999602277.0,114653520476.0
1498262400.0,66243767607.0,42851106588.0,109094874195.0
1498348800.0,62564532935.0,42423107167.0,104987640102.0
1498435200.0,56688715394.0,40850649348.0,97539364742.0
1498521600.0,57505763406.0,41257316777.0,98763080183.0
1498608000.0,64124894596.0,42243152927.0,106368047523.0
1498694400.0,60015431019.0,41475290603.0,101490721622.0
1498780800.0,57511525250.0,40592704824.0,98104230074.0
1498867200.0,53804065832.0,39487240982.0,93291306814.0
1498953600.0,57955556065.0,41145107639.0,99100663704.0
1499040000.0,59707944804.0,42956837483.0,102664782287.0
1499126400.0,58398907537.0,41960728293.0,100359635830.0
1499212800.0,58003950785.0,42639184038.0,100643134823.0
1499299200.0,57391113147.0,42479463330.0,99870576477.0
1499385600.0,52253418954.0,41417008056.0,93670427010.0
1499472000.0,54248644107.0,42285969144.0,96534613251.0
1499558400.0,51463057265.0,41394447903.0,92857505168.0
1499644800.0,41628174273.0,38343626628.0,79971800901.0
1499731200.0,42345463085.0,38295607252.0,80641070337.0
1499817600.0,47814906022.0,39676682996.0,87491589018.0
1499904000.0,44583800282.0,38434150360.0,83017950642.0
1499990400.0,40937825023.0,35188741694.0,76126566717.0
1500076800.0,37158274544.0,33243994156.0,70402268700.0
1500163200.0,36716872988.0,32886241225.0,69603114213.0
1500249600.0,40544762657.0,36108412725.0,76653175382.0
1500336000.0,46491137408.0,38319547945.0,84810685353.0
1500422400.0,44259845352.0,38468521943.0,82728367295.0
1500508800.0,48909136225.0,45330675400.0,94239811625.0
1500595200.0,48252130428.0,44452397808.0,92704528236.0
1500681600.0,50388133143.0,45346196618.0,95734329761.0
1500768000.0,48875528612.0,45131247228.0,94006775840.0
1500854400.0,49073880526.0,45370885223.0,94444765749.0
1500940800.0,43784726915.0,41585448911.0,85370175826.0
1501027200.0,44961636701.0,42487189187.0,87448825888.0
1501113600.0,44522054361.0,44267671095.0,88789725456.0
1501200000.0,40974128949.0,44654722780.0,85628851729.0
1501286400.0,43967075474.0,44790672802.0,88757748276.0
1501372800.0,42466254905.0,44879547089.0,87345801994.0
1501459200.0,45547304990.0,47515093461.0,93062398451.0
1501545600.0,53446691275.0,44918858430.0,98365549705.0
1501632000.0,55672811275.0,44909454737.0,100582266012.0
1501718400.0,55570350852.0,45624815164.0,101195166016.0
1501804800.0,55230036471.0,52023848940.0,107253885411.0
1501891200.0,58420216005.0,52858249238.0,111278465243.0
1501977600.0,59151624638.0,53145516940.0,112297141578.0
1502064000.0,63209079238.0,56883536255.0,120092615493.0
1502150400.0,67722366317.0,55740019676.0,123462385993.0
1502236800.0,65706131602.0,55342460056.0,121048591658.0
1502323200.0,67828085557.0,56971025028.0,124799110585.0
1502409600.0,70381851517.0,61145388469.0,131527239986.0
1502496000.0,67713731178.0,66693452187.0,134407183365.0
1502582400.0,69374879207.0,66580995195.0,135955874402.0
1502668800.0,66956899321.0,72712565937.0,139669465258.0
1502755200.0,65987513509.0,66492095619.0,132479609128.0
1502841600.0,69414097735.0,71592846754.0,141006944489.0
1502928000.0,72246398038.0,71002236010.0,143248634048.0
1503014400.0,73386088629.0,67171764548.0,140557853177.0
1503100800.0,76499922358.0,68561632885.0,145061555243.0
1503187200.0,76622025142.0,66488449165.0,143110474307.0
1503273600.0,75102211860.0,63502749023.0,138604960883.0
1503360000.0,82453594328.0,68026835138.0,150480429466.0
1503446400.0,81960845278.0,68768384303.0,150729229581.0
1503532800.0,81569102392.0,71270627844.0,152839730236.0
1503619200.0,82622019490.0,71671646094.0,154293665584.0
1503705600.0,83675485103.0,72365562206.0,156041047309.0
1503792000.0,84174768007.0,70328195047.0,154502963054.0
1503878400.0,87916919648.0,72350747270.0,160267666918.0
1503964800.0,90124907282.0,76289040487.0,166413947769.0
1504051200.0,91304900443.0,76005435505.0,167310335948.0
1504137600.0,94027188572.0,77367035340.0,171394223912.0
1504224000.0,91004139022.0,77655959085.0,168660098107.0
1504310400.0,90832431539.0,77318937612.0,168151369151.0
1504396800.0,85533046140.0,74455390865.0,159988437005.0
1504483200.0,71288630151.0,67293542267.0,138582172418.0
1504569600.0,82262842426.0,73819001823.0,156081844249.0
1504656000.0,84428115720.0,74999627166.0,159427742886.0
1504742400.0,86896168132.0,76180357869.0,163076526001.0
1504828800.0,78377538330.0,70938213405.0,149315751735.0
1504915200.0,71181596213.0,66394822964.0,137576419177.0
1505001600.0,75730146889.0,69138983349.0,144869130238.0
1505088000.0,79845370748.0,71484453091.0,151329823839.0
1505174400.0,72894527802.0,66761808626.0,139656336428.0
1505260800.0,69668446647.0,63258837358.0,132927284005.0
1505347200.0,56648876961.0,52996781890.0,109645658851.0
1505433600.0,64941067182.0,61789777560.0,126730844742.0
1505520000.0,61209468952.0,58364418858.0,119573887810.0
1505606400.0,69005212916.0,62228836816.0,131234049732.0
1505692800.0,69733870334.0,65317387427.0,135051257761.0
1505779200.0,70130138791.0,65247124221.0,135377263012.0
1505865600.0,69030580394.0,64361026376.0,133391606770.0
1505952000.0,65710818373.0,62095322432.0,127806140805.0
1506038400.0,65458047437.0,61679535435.0,127137582872.0
1506124800.0,67147285058.0,61394421140.0,128541706198.0
1506211200.0,68257266912.0,62824403738.0,131081670650.0
1506297600.0,70037719600.0,64418861067.0,134456580667.0
1506384000.0,71132665141.0,65345626449.0,136478291590.0
1506470400.0,75720234001.0,70270294281.0,145990528282.0
1506556800.0,70167333940.0,67246885877.0,137414219817.0
1506643200.0,74370964627.0,70767004774.0,145137969401.0
1506729600.0,74343313176.0,71681049219.0,146024362395.0
1506816000.0,75432523783.0,73639026475.0,149071550258.0
1506902400.0,72992974520.0,71968221680.0,144961196200.0
1506988800.0,73334936312.0,72040014103.0,145374950415.0
1507075200.0,71314138206.0,69404614210.0,140718752416.0
1507161600.0,74335625854.0,72801905745.0,147137531599.0
1507248000.0,74906310937.0,72380030812.0,147286341749.0
1507334400.0,75513213252.0,73840812615.0,149354025867.0
1507420800.0,74019584386.0,75908433598.0,149928017984.0
1507507200.0,72220614205.0,80394182865.0,152614797070.0
1507593600.0,74188498696.0,79440183612.0,153628682308.0
1507680000.0,74562604204.0,81516144022.0,156078748226.0
1507766400.0,76212654445.0,92533318790.0,168745973235.0
1507852800.0,78816884911.0,93020666625.0,171837551536.0
1507939200.0,79078668474.0,95947922359.0,175026590833.0
1508025600.0,79451934413.0,93494344202.0,172946278615.0
1508112000.0,77606629602.0,94754939384.0,172361568986.0
1508198400.0,74150664493.0,89534938958.0,163685603451.0
1508284800.0,74305087227.0,93268148718.0,167573235945.0
1508371200.0,74023052230.0,94074293801.0,168097346031.0
1508457600.0,71707459668.0,101131757430.0,172839217098.0
1508544000.0,71754386358.0,97563211251.0,169317597609.0
1508630400.0,70180268501.0,98918020445.0,169098288946.0
1508716800.0,73768176742.0,96134251132.0,169902427874.0
1508803200.0,72704017370.0,92282959012.0,164986976382.0
1508889600.0,72517386402.0,95337517755.0,167854904157.0
1508976000.0,72364578702.0,97304637648.0,169669216350.0
1509062400.0,72593796504.0,96460883081.0,169054679585.0
1509148800.0,73419123157.0,96092266967.0,169511390124.0
1509235200.0,75583507690.0,102075863509.0,177659371199.0
1509321600.0,75953836522.0,102541852339.0,178495688861.0
1509408000.0,74869494920.0,107055866132.0,181925361052.0
1509494400.0,72037592218.0,116496269422.0,188533861640.0
1509580800.0,76036662599.0,120994524725.0,197031187324.0
1509667200.0,75079071866.0,119795916214.0,194874988080.0
1509753600.0,75850677662.0,124509503956.0,200360181618.0
1509840000.0,75373375206.0,121930451662.0,197303826868.0
1509926400.0,77186661944.0,120036928401.0,197223590345.0
1510012800.0,78868327142.0,122675242554.0,201543569696.0
1510099200.0,81258718460.0,123119800891.0,204378519351.0
1510185600.0,83997578963.0,120132027125.0,204129606088.0
1510272000.0,83085701883.0,110875994695.0,193961696578.0
1510358400.0,104327563135.0,103754745620.0,208082308755.0
1510444800.0,90495259407.0,104441870306.0,194937129713.0
1510531200.0,92433153485.0,110434922553.0,202868076038.0
1510617600.0,95889710326.0,115453972070.0,211343682396.0
1510704000.0,92672989117.0,123069436987.0,215742426104.0
1510790400.0,93448537858.0,128017132313.0,221465670171.0
1510876800.0,96932531009.0,128332696428.0,225265227437.0
1510963200.0,100185712807.0,128885960361.0,229071673168.0
1511049600.0,100637284928.0,133763335980.0,234400620908.0
1511136000.0,100420488551.0,134170998523.0,234591487074.0
1511222400.0,102621753504.0,136994306666.0,239616060170.0
1511308800.0,110832649727.0,137261219649.0,248093869376.0
1511395200.0,114407648562.0,136645357148.0,251053005710.0
1511481600.0,122814285316.0,139212469033.0,262026754349.0
1511568000.0,129013383558.0,150324229755.0,279337613313.0
1511654400.0,136961201634.0,162926255975.0,299887457609.0
1511740800.0,137654299864.0,166313742980.0,303968042844.0
1511827200.0,140041284529.0,178005893895.0,318047178424.0
1511913600.0,127709450030.0,171571978500.0,299281428530.0
1512000000.0,124788420172.0,163037447966.0,287825868138.0
1512086400.0,139146689331.0,185338026491.0,324484715822.0
1512172800.0,142413594012.0,187816979810.0,330230573822.0
1512259200.0,146594467246.0,193484335474.0,340078802720.0
1512345600.0,149178621749.0,197254434362.0,346433056111.0
1512432000.0,153883928379.0,213631554253.0,367515482632.0
1512518400.0,144725484523.0,246892902805.0,391618387328.0
1512604800.0,146537875442.0,280643953500.0,427181828942.0
1512691200.0,162444285389.0,267391210820.0,429835496209.0
1512777600.0,141673865952.0,228308206356.0,369982072308.0
1512864000.0,155935791254.0,282101515552.0,438037306806.0
1512950400.0,171429302607.0,283448397110.0,454877699717.0
1513036800.0,200049522302.0,284200103342.0,484249625644.0
1513123200.0,228248150617.0,275064511495.0,503312662112.0
1513209600.0,225126882291.0,290504721362.0,515631603653.0
1513296000.0,233619109215.0,302073894377.0,535693003592.0
1513382400.0,254765427228.0,330946610730.0,585712037958.0
1513468800.0,256914991316.0,320061895012.0,576976886328.0
1513555200.0,307346753704.0,319141709524.0,626488463228.0
1513641600.0,308687096331.0,283515807856.0,592202904187.0
1513728000.0,342211711602.0,287418461160.0,629630172762.0
1513814400.0,246783741042.0,219154129017.0,465937870059.0
1513900800.0,296517719718.0,242016535898.0,538534255616.0
1513987200.0,295262994730.0,240866032719.0,536129027449.0
1514073600.0,296542472931.0,234306497480.0,530848970411.0
1514160000.0,312018944665.0,258366858075.0,570385802740.0
1514246400.0,324033289056.0,278717021490.0,602750310546.0
1514332800.0,300011988176.0,243805289162.0,543817277338.0
1514419200.0,314667901132.0,249739224800.0,564407125932.0
1514505600.0,362784404482.0,232405338102.0,595189742584.0
1514592000.0,335778326577.0,219330698555.0,555109025132.0
1514678400.0,362138234207.0,235715668938.0,597853903145.0
1514764800.0,382381030242.0,226145248942.0,608526279184.0
1514851200.0,423928587169.0,260893969605.0,684822556774.0
1514937600.0,487048744805.0,251511965932.0,738560710737.0
1515024000.0,484463523041.0,259201218347.0,743664741388.0
1515110400.0,476975343191.0,284493372850.0,761468716041.0
1515196800.0,508680460395.0,284821689570.0,793502149965.0
1515283200.0,481422272235.0,270725850000.0,752148122235.0
1515369600.0,464591990229.0,255410943200.0,720002933429.0
1515456000.0,434928601774.0,240911815958.0,675840417732.0
1515542400.0,415271867886.0,230425683896.0,645697551782.0
1515628800.0,439300372398.0,234074680180.0,673375052578.0
1515715200.0,472141103361.0,242972810417.0,715113913778.0
1515801600.0,454293202709.0,234671606554.0,688964809263.0
1515888000.0,448266282230.0,233377603978.0,681643886208.0
1515974400.0,398513768889.0,223491967785.0,622005736674.0
1516060800.0,328551580519.0,193373226138.0,521924806657.0
1516147200.0,326509843260.0,193373226138.0,519883069398.0
1516233600.0,479931361797.0,194185938157.0,674117299954.0
1516320000.0,373636227552.0,213508956998.0,587145184550.0
1516406400.0,347973991447.0,202031172368.0,550005163815.0
1516492800.0,345852252440.0,197278521035.0,543130773475.0
1516579200.0,307235808319.0,175041129270.0,482276937589.0
1516665600.0,326742003532.0,185587552192.0,512329555724.0
1516752000.0,347127922016.0,193593828585.0,540721750601.0
1516838400.0,332635604479.0,190038943082.0,522674547561.0
1516924800.0,333118627719.0,189010986135.0,522129613854.0
1517011200.0,361881384869.0,202062169400.0,563943554269.0
1517097600.0,356107900284.0,190982981872.0,547090882156.0
1517184000.0,345288568805.0,186119920440.0,531408489245.0
1517270400.0,317577362993.0,172437212782.0,490014575775.0
1517356800.0,322489005085.0,171296025900.0,493785030985.0
1517443200.0,244637725915.0,144600900877.0,389238626792.0
1517529600.0,249613367814.0,145769697132.0,395383064946.0
1517616000.0,275253990438.0,155442693783.0,430696684221.0
1517702400.0,233141160393.0,135935922524.0,369077082917.0
1517788800.0,165308906242.0,102686904460.0,267995810702.0
1517875200.0,214800669750.0,125621215292.0,340421885042.0
1517961600.0,229526655144.0,136475014897.0,366001670041.0
1518048000.0,236481170037.0,135832984336.0,372314154373.0
1518134400.0,285896937982.0,152791433013.0,438688370995.0
1518220800.0,240203736998.0,136598552226.0,376802289224.0
1518307200.0,258354431047.0,144162766933.0,402517197980.0
1518393600.0,258881401327.0,147990155266.0,406871556593.0
1518480000.0,264304052014.0,149992685015.0,414296737029.0
1518566400.0,287261966673.0,164764832349.0,452026799022.0
1518652800.0,284706690348.0,167571987665.0,452278678013.0
1518739200.0,299695927400.0,181480589715.0,481176517115.0
1518825600.0,292234255806.0,179897736975.0,472131992781.0
1518912000.0,293893888396.0,183784965660.0,477678854056.0
1518998400.0,298549666849.0,197081922335.0,495631589184.0
1519084800.0,275874757590.0,190120255868.0,465995013458.0
1519171200.0,264648400066.0,182689187482.0,447337587548.0
1519257600.0,249534918441.0,168518276914.0,418053195355.0
1519344000.0,254644411580.0,171483842865.0,426128254445.0
1519430400.0,252533907943.0,167294362631.0,419828270574.0
1519516800.0,247001666909.0,161175368711.0,408177035620.0
1519603200.0,260459374416.0,175646373691.0,436105748107.0
1519689600.0,258339250345.0,183004933840.0,441344184185.0
1519776000.0,250999040700.0,178473087030.0,429472127730.0
1519862400.0,254883287290.0,187317268326.0,442200555616.0
1519948800.0,252684941809.0,192413585400.0,445098527209.0
1520035200.0,246293801523.0,188564669615.0,434858471138.0
1520121600.0,259743275099.0,195264440876.0,455007715975.0
1520208000.0,250637346611.0,191281667850.0,441919014461.0
1520294400.0,229975731929.0,177675171079.0,407650903008.0
1520380800.0,221080434198.0,169535816975.0,390616251173.0
1520467200.0,196454918857.0,150428400406.0,346883319263.0
1520553600.0,258773913952.0,160092797771.0,418866711723.0
1520640000.0,200464470155.0,149587042902.0,350051513057.0
1520726400.0,212580330509.0,163735419267.0,376315749776.0
1520812800.0,207397574661.0,159207436724.0,366605011385.0
1520899200.0,203545069436.0,155499236568.0,359044306004.0
1520985600.0,167397997873.0,132919695475.0,300317693348.0
1521072000.0,177499942995.0,139605378736.0,317105321731.0
1521158400.0,175027345502.0,138667382216.0,313694727718.0
1521244800.0,154007656695.0,130659806087.0,284667462782.0
1521331200.0,165378359790.0,140643110961.0,306021470751.0
1521417600.0,173421435495.0,144986103453.0,318407538948.0
1521504000.0,185953548665.0,154119452189.0,340073000854.0
1521590400.0,183489549836.0,153126467745.0,336616017581.0
1521676800.0,167913300998.0,143094000679.0,311007301677.0
1521763200.0,177125105791.0,151136537852.0,328261643643.0
1521849600.0,171418413603.0,145743197060.0,317161610663.0
1521936000.0,171507925201.0,143928975627.0,315436900828.0
1522022400.0,156036526897.0,135828529483.0,291865056380.0
1522108800.0,153801590606.0,134280404812.0,288081995418.0
1522195200.0,144720520583.0,129554835175.0,274275355758.0
1522281600.0,136488612118.0,121156897414.0,257645509532.0
1522368000.0,134796409183.0,117737552510.0,252533961693.0
1522454400.0,132341702799.0,116694760026.0,249036462825.0
1522540800.0,130468962926.0,118017287814.0,248486250740.0
1522627200.0,138741120306.0,125239264120.0,263980384426.0
1522713600.0,141461618522.0,125678130620.0,267139749142.0
1522800000.0,131200366318.0,116249094909.0,247449461227.0
1522886400.0,126544294863.0,111995647381.0,238539942244.0
1522972800.0,131258849903.0,116732634425.0,247991484328.0
1523059200.0,132520540192.0,118101047682.0,250621587874.0
1523145600.0,138199047503.0,120731684994.0,258930732497.0
1523232000.0,134036746045.0,114639940311.0,248676686356.0
1523318400.0,137546943294.0,115970044203.0,253516987497.0
1523404800.0,145244652182.0,118178273678.0,263422925860.0
1523491200.0,165790491539.0,132526304068.0,298316795607.0
1523577600.0,168692636437.0,135763354454.0,304455990891.0
1523664000.0,172228449777.0,137424585483.0,309653035260.0
1523750400.0,172597979615.0,137041465830.0,309639445445.0
1523836800.0,175268297053.0,136228648957.0,311496946010.0
1523923200.0,177551283362.0,134986854918.0,312538138280.0
1524009600.0,191216110667.0,139354613998.0,330570724665.0
1524096000.0,203266858356.0,140947493137.0,344214351493.0
1524182400.0,221242642818.0,151389372363.0,372632015181.0
1524268800.0,216134894272.0,150704515995.0,366839410267.0
1524355200.0,224927610450.0,150526433631.0,375454044081.0
1524441600.0,241767807798.0,157130218084.0,398898025882.0
1524528000.0,236173969460.0,160948999104.0,397122968564.0
1524614400.0,224744483042.0,151180884109.0,375925367151.0
1524700800.0,236723885341.0,157217175730.0,393941061071.0
1524787200.0,240662663981.0,156075051271.0,396737715252.0
1524873600.0,256296692080.0,160668265701.0,416964957781.0
1524960000.0,249979234894.0,158220778056.0,408200012950.0
1525046400.0,237117561784.0,152815583116.0,389933144900.0
1525132800.0,248024455559.0,155030917579.0,403055373138.0
1525219200.0,256529142358.0,156740395271.0,413269537629.0
1525305600.0,265451746080.0,163742419720.0,429194165800.0
1525392000.0,273298805197.0,166822277230.0,440121082427.0
1525478400.0,264561706163.0,163578277382.0,428139983545.0
1525564800.0,255600619604.0,159548197848.0,415148817452.0
1525651200.0,261184782239.0,159420268076.0,420605050315.0
1525737600.0,246014617161.0,154679600758.0,400694217919.0
1525824000.0,253907540058.0,158723870163.0,412631410221.0
1525910400.0,240798298215.0,153165172471.0,393963470686.0
1525996800.0,208456128629.0,140535173354.0,348991301983.0
1526083200.0,224057256448.0,143862015139.0,367919271587.0
1526169600.0,228679565863.0,143806220867.0,372485786730.0
1526256000.0,238384034606.0,149476008280.0,387860042886.0
1526342400.0,216846776156.0,140504867219.0,357351643375.0
1526428800.0,224925199445.0,142731567762.0,367656767207.0
1526515200.0,210908168944.0,137199325779.0,348107494723.0
1526601600.0,215463912699.0,140652316782.0,356116229481.0
1526688000.0,218644287974.0,141060930793.0,359705218767.0
1526774400.0,224480491581.0,144896720508.0,369377212089.0
1526860800.0,216151741242.0,142483048770.0,358634790012.0
1526947200.0,200743482546.0,135959371402.0,336702853948.0
1527033600.0,190074101228.0,131375865625.0,321449966853.0
1527120000.0,194391456497.0,130229294545.0,324620751042.0
1527206400.0,187159974389.0,127198027002.0,314358001391.0
1527292800.0,184190152715.0,124979304246.0,309169456961.0
1527379200.0,174341428671.0,122986837215.0,297328265886.0
1527465600.0,167906720617.0,121685092196.0,289591812813.0
1527552000.0,185559955549.0,128777030280.0,314336985829.0
1527638400.0,186301311055.0,128843312446.0,315144623501.0
1527724800.0,187459619039.0,128969746846.0,316429365885.0
1527811200.0,187895239742.0,128146441699.0,316041681441.0
1527897600.0,196823207483.0,130701876760.0,327525084243.0
1527984000.0,197527202199.0,130961811598.0,328489013797.0
1528070400.0,190875332338.0,127212443280.0,318087775618.0
1528156800.0,197502054505.0,130470686454.0,327972740959.0
1528243200.0,198806004696.0,131655004846.0,330461009542.0
1528329600.0,195411675742.0,130584049152.0,325995724894.0
1528416000.0,197423363190.0,131262246840.0,328685610030.0
1528502400.0,184728969893.0,125261693906.0,309990663799.0
1528588800.0,168489606875.0,116051149158.0,284540756033.0
1528675200.0,169932861766.0,117640912507.0,287573774273.0
1528761600.0,157142820028.0,112779702716.0,269922522744.0
1528848000.0,155291976816.0,111288914340.0,266580891156.0
1528934400.0,159098038033.0,113184165728.0,272282203761.0
1529020800.0,155348937038.0,111269548566.0,266618485604.0
1529107200.0,156295079609.0,112222404641.0,268517484250.0
1529193600.0,153196651777.0,110900220226.0,264096872003.0
1529280000.0,158510124237.0,115149543528.0,273659667765.0
1529366400.0,156834593963.0,113533860960.0,270368454923.0
1529452800.0,161435508575.0,115716446963.0,277151955538.0
1529539200.0,154931525131.0,114013173142.0,268944698273.0
1529625600.0,137358060655.0,103888061919.0,241246122574.0
1529712000.0,128220409274.0,100324132833.0,228544542107.0
1529798400.0,135671222626.0,105790866724.0,241462089350.0
1529884800.0,137338040207.0,107261835177.0,244599875384.0
1529971200.0,130176468117.0,104432615171.0,234609083288.0
1530057600.0,130831851443.0,104887294510.0,235719145953.0
1530144000.0,124950562274.0,101219951221.0,226170513495.0
1530230400.0,135927715339.0,109761242108.0,245688957447.0
1530316800.0,135937484750.0,109430664438.0,245368149188.0
1530403200.0,134898090895.0,108260847590.0,243158938485.0
1530489600.0,148319199473.0,113745465119.0,262064664592.0
1530576000.0,141475548351.0,111523460438.0,252999008789.0
1530662400.0,147339748890.0,114257479295.0,261597228185.0
1530748800.0,140530837508.0,112659002513.0,253189840021.0
1530835200.0,142604813763.0,113672194177.0,256277007940.0
1530921600.0,148301611743.0,117004571631.0,265306183374.0
1531008000.0,145328263455.0,116072050564.0,261400314019.0
1531094400.0,137670454238.0,114739163305.0,252409617543.0
1531180800.0,129154878039.0,108598016808.0,237752894847.0
1531267200.0,129718369140.0,107321126508.0,237039495648.0
1531353600.0,131125274466.0,107230811939.0,238356086405.0
1531440000.0,130388469733.0,107109321478.0,237497791211.0
1531526400.0,131936307081.0,107992866586.0,239929173667.0
1531612800.0,135348638909.0,109512830156.0,244861469065.0
1531699200.0,143094144713.0,114870801242.0,257964945955.0
1531785600.0,156678293844.0,127859391568.0,284537685412.0
1531872000.0,149473016414.0,126111390394.0,275584406808.0
1531958400.0,143057159285.0,127474326394.0,270531485679.0
1532044800.0,140882405639.0,125974546085.0,266856951724.0
1532131200.0,142192238183.0,126927761728.0,269119999911.0
1532217600.0,145380683051.0,131375573658.0,276756256709.0
1532304000.0,144465476796.0,136822317159.0,281287793955.0
1532390400.0,146716292744.0,141904954236.0,288621246980.0
1532476800.0,148200363781.0,140944829979.0,289145193760.0
1532563200.0,142678720084.0,135983474454.0,278662194538.0
1532649600.0,144772444486.0,140512381308.0,285284825794.0
1532736000.0,144505515127.0,140981877022.0,285487392149.0
1532822400.0,142967261220.0,140099289200.0,283066550420.0
1532908800.0,138742791552.0,140065571136.0,278808362688.0
1532995200.0,130446377141.0,130199341723.0,260645718864.0
1533081600.0,131312317196.0,130267971008.0,261580288204.0
1533168000.0,126039909236.98,126852514044.83,252892423281.81
1533254400.0,122205880898.99,123437057061.16,245642937960.15002
1533340800.0,118371852561.0,120021600077.5,238393452638.5
1533427200.0,114537824245.98,116606143114.33,231143967360.31
1533513600.0,110703795907.99,113190686130.66,223894482038.65002
1533600000.0,122102443935.14,112945810180.0,235048254115.14
1533686400.0,108074555750.0,109775229147.0,217849784897.0
1533772800.0,107549689224.0,111235322862.0,218785012086.0
1533859200.0,96032180197.0,105395790816.0,201427971013.0
1533945600.0,98928125829.0,109311915316.0,208240041145.0
1534032000.0,97761375948.0,111026262685.0,208787638633.0
1534118400.0,82112823081.0,103562208922.0,185675032003.0
1534204800.0,87914657163.0,109026605575.0,196941262738.0
1534291200.0,87648099913.0,108805694357.0,196453794270.0
1534377600.0,93321510162.0,111735069873.0,205056580035.0
1534464000.0,99213867456.0,112627595550.0,211841463006.0
1534550400.0,95281843929.0,110558458401.0,205840302330.0
1534636800.0,97301585965.0,111802005901.0,209103591866.0
1534723200.0,91426630852.0,110130619250.0,201557250102.0
1534809600.0,96072884960.0,115381342387.0,211454227347.0
1534896000.0,89859290579.0,111231618507.0,201090909086.0
1534982400.0,91353928039.0,112426000224.0,203779928263.0
1535068800.0,92816832300.0,116026539721.0,208843372021.0
1535155200.0,90931218046.0,114271504127.0,205202722173.0
1535241600.0,94351258243.0,115946556989.0,210297815232.0
1535328000.0,98079314396.0,119268503740.0,217347818136.0
1535414400.0,100992492506.0,121850294496.0,222842787002.0
1535500800.0,98062092301.0,120849493486.0,218911585787.0
1535587200.0,98151357776.0,120621489873.0,218772847649.0
1535673600.0,101230931610.0,121485842815.0,222716774425.0
1535760000.0,105115014156.0,125240630707.0,230355644863.0
1535846400.0,102436787239.0,124823619112.0,227260406351.0
1535932800.0,102725334516.0,125767992529.0,228493327045.0
1536019200.0,103222143442.0,127044952602.0,230267096044.0
1536105600.0,84522474254.0,111400127875.0,195922602129.0
1536192000.0,87586503703.0,112860537580.0,200447041283.0
1536278400.0,84904161961.0,112228490533.0,197132652494.0
1536364800.0,78300880012.0,107453015281.0,185753895293.0
1536451200.0,80287162964.0,109052076400.0,189339239364.0
1536537600.0,79531599776.0,110012699699.0,189544299475.0
1536624000.0,73759258837.0,108873263399.0,182632522236.0
1536710400.0,76814195696.0,110704259826.0,187518455522.0
1536796800.0,83036431709.0,113346414410.0,196382846119.0
1536883200.0,81838772715.0,112268951476.0,194107724191.0
1536969600.0,81451567642.0,112049930085.0,193501497727.0
1537056000.0,83137637288.0,112045084469.0,195182721757.0
1537142400.0,77527446497.0,108761118874.0,186288565371.0
1537228800.0,82788417513.0,109919069299.0,192707486812.0
1537315200.0,82351005613.0,110823147641.0,193174153254.0
1537401600.0,92495402641.0,113081063306.0,205576465947.0
1537488000.0,101256092761.0,115980629730.0,217236722491.0
1537574400.0,102016885226.0,116128936614.0,218145821840.0
1537660800.0,100975516765.0,115641847490.0,216617364255.0
1537747200.0,90869629703.0,111902751589.0,202772381292.0
1537833600.0,92919154922.0,111516602995.0,204435757917.0
1537920000.0,95277345346.0,112159315471.0,207436660817.0
1538006400.0,100793850623.0,116548120917.0,217341971540.0
1538092800.0,95913903277.0,112781413114.0,208695316391.0
1538179200.0,100819884670.0,113748630083.0,214568514753.0
1538265600.0,100890705268.0,114320870887.0,215211576155.0
1538352000.0,100493400681.0,114251841999.0,214745242680.0
1538438400.0,95691433250.0,111936424267.0,207627857517.0
1538524800.0,97934126301.0,113936246079.0,211870372380.0
1538611200.0,96880034829.0,113932307222.0,210812342051.0
1538697600.0,98160062447.0,114490611914.0,212650674361.0
1538784000.0,95172294293.0,113976760151.0,209149054444.0
1538870400.0,96302367248.0,114022417962.0,210324785210.0
1538956800.0,97499955630.0,114967998238.0,212467953868.0
1539043200.0,95262627474.0,113465198522.0,208727825996.0
1539129600.0,85356426229.0,108826287830.0,194182714059.0
1539216000.0,85284772052.0,109282184494.0,194566956546.0
1539302400.0,85708172125.0,108883312246.0,194591484371.0
1539388800.0,86463898751.0,109580683192.0,196044581943.0
1539475200.0,90821442638.1,116266601762.39,207088044400.49
1539561600.0,90415022737.57,115617815217.3,206032837954.87
1539648000.0,90279170612.48,114151185779.75,204430356392.22998
1539734400.0,90600767519.5,113618225076.61,204218992596.11
1539820800.0,87354404349.91,111897890330.1,199252294680.01
1539907200.0,88723000819.18,111978899867.64,200701900686.82
1539993600.0,89834001115.17,113009516752.06,202843517867.22998
1540080000.0,88995841246.28,112718149588.93,201713990835.21
1540166400.0,88775293860.12,112273527150.57,201048821010.69
1540252800.0,89799313311.45,112992366572.04,202791679883.49
1540339200.0,88378707457.62,112364663563.93,200743371021.55
1540425600.0,88471734219.14,112238765745.73,200710499964.87
1540512000.0,88379826362.28,112360190232.15,200740016594.43
