portfolio,fees,num_trades,HODL,rebalanced
SEQ-ZCL-MONA-PPC-BYC,3658.224745704545,443,32877.882693961634,111064.84066462333
NXS-REP-IOC-ABY-XCP,1099.6191384262288,372,12238.213787447989,29353.17037704801
SBD-EBST-BYC-NEO-NEOS,5573.213392977151,426,88510.27627845555,144504.81211661224
STEEM-IOP-XST-EBST-DOPE,5668.186961497583,447,21681.518499141275,149896.72549755467
STEEM-NEOS-NLG-DMD-NEO,1915.3549460999807,347,87592.18979741924,63403.706996955574
GRS-ZEC-VTC-CURE-XRP,2097.6353304857676,381,60875.85509724823,97509.89735962814
EGC-XRP-BSD-DASH-XCP,1057.8665714695005,333,14820.962365784457,37531.617378878946
VTC-IOC-XMY-DCR-NAV,1522.3242060600658,353,21442.029628777484,50668.72582220505
EFL-ZCL-BYC-XRP-XST,3594.5576063262615,436,23203.368103830835,116532.85678047496
BCY-XLM-LTC-SYS-VRM,1082.2122190338525,365,21672.49833537702,42605.100951194836
LTC-NXS-BLK-DCR-IOC,858.1926770275854,319,19509.15184174279,34632.02386979359
REP-VRM-BCY-LSK-LBC,826.9519170438804,314,17351.351906697022,25973.579100471383
NXT-PIVX-NAV-BTC-BLK,818.8515230244207,295,16095.975692057225,30706.061061048007
LSK-SLR-CLOAK-REP-DCR,1347.7799652374133,348,34762.25015964202,63231.11194056364
SEQ-BURST-PPC-WAVES-PTC,977.2018465905617,323,18769.94442568668,35323.247755693366
EFL-XCP-STRAT-DCR-SYS,687.2052540649323,330,15928.370607681565,30394.000753938166
POT-AUR-EMC-LTC-DOGE,590.6430029800408,281,14025.96859265947,25382.581941882097
DOPE-MONA-NAV-TX-ETH,2874.059896817348,374,31542.48411579495,99785.61790512441
AEON-DASH-ETH-DCR-BURST,744.4490496110055,295,20791.15618848338,40990.1639648555
AEON-AUR-RBY-IOC-GRS,2690.777834755104,404,55276.55944728541,89207.51093929229
ZEC-ZCL-DASH-RVR-VRM,2622.0322837035865,409,15982.416022020694,70456.24503734763
MONA-NEO-SLR-XST-EXP,4596.737546575252,419,104385.72216666589,144524.70475363545
XCP-ZEC-REP-XMY-SBD,889.5938755914253,322,9701.90105039239,28171.31075414756
EXCL-REP-XRP-FLO-ZEC,606.8590810579095,301,13724.42060601484,26932.956398968392
AMP-PTC-BTC-LTC-DOGE,610.4710320126024,292,18044.501273334165,26599.950504668748
REP-DOGE-BLK-XRP-BYC,585.6284843109397,310,12034.88285200412,23514.271610133368
RDD-SHIFT-LTC-BCY-RVR,1409.4929620800447,349,19446.732592254975,44118.61905948239
DOGE-EMC-OK-SBD-NEO,3436.0777448580734,408,89341.70812311229,115619.9069481898
SBD-XMG-AEON-DMD-SEQ,2839.855733048567,400,19490.491434376847,69282.32299536606
LSK-XVG-EBST-EGC-GRS,15119.793067111335,470,111785.3426394774,557085.8134700814
DMD-DCR-EXCL-SLR-ERC,1164.1454283229473,327,22096.71471457555,49323.4540821448
ETH-ZCL-XMR-FLO-MONA,2454.191967008274,386,32199.340636265304,96934.08197889128
BURST-GRS-XMR-NEO-IOP,4895.857622186526,448,132177.56838937945,213681.82017380372
BTC-OK-NLG-PTC-ZEC,1047.8383521252345,331,18486.603084515315,37032.32940791579
SPR-XVG-CLOAK-NEO-PIVX,9145.687903710848,428,144228.92473305584,306164.19186129817
SLR-BSD-TX-NXS-ERC,1727.0386731013311,366,18498.14538182416,55685.14588397039
LSK-PIVX-IOC-DOGE-BSD,967.2930096073642,323,20760.21410196376,34312.273328744326
SBD-EBST-IOP-ABY-XMR,3206.8707676711365,422,13802.30395397433,77491.5134020781
AEON-EGC-RDD-ZCL-NXS,5749.104761290907,475,23818.373904544907,173687.04112779026
VRM-WAVES-BTC-DMD-EXP,905.1753705761686,306,14476.292985097745,29046.022820247512
EXP-VIA-STRAT-ABY-NEO,1903.6339321080177,356,87209.29961744846,61384.199950210255
ERC-REP-AUR-SPR-ZEC,765.1082609851468,349,11551.864442606919,28272.51244629256
STEEM-BLK-PTC-EMC-CURE,1036.9105706888072,327,17599.43936092579,40669.6534843495
ZCL-XMY-NXT-BYC-LTC,3235.5769205765373,410,20543.00717058086,92300.25907176986
BURST-DMD-GRC-TX-AMP,881.4333277292367,352,12736.017007790195,27621.908749223698
DMD-DOGE-CLAM-NXS-EBST,1874.9777281279141,390,16945.24017713897,51182.67043714356
SPR-BURST-PPC-SHIFT-NXS,1278.1225621183282,377,15487.521393940457,40356.67760662465
RBY-SEQ-EXCL-CLAM-IOC,1172.3797720010707,352,15479.063773941132,31158.274446598436
PTC-DMD-RVR-NXS-EXCL,2888.892434326119,371,23787.459443588414,73947.2857858452
GRS-XMG-XRP-EBST-WAVES,5003.24438669783,428,59264.35554733208,183649.14218036868
NXS-XLM-XMY-OK-ETC,2300.3853784191424,417,23215.13815833008,73978.68059193966
SBD-ABY-EXP-XMY-EGC,1461.923519820013,347,10773.080266823303,36980.32259982168
LSK-SHIFT-SBD-CLAM-DOGE,959.8951042821377,339,18157.406163962387,31824.873321758554
AEON-XRP-DCR-WAVES-SPR,1040.311112335183,360,16128.502186023446,40061.93268902978
SYS-OK-SEQ-DOGE-EFL,1495.330145893225,374,19937.28210442735,50935.7306607618
ERC-BSD-WAVES-TX-IOC,1069.2579559097917,345,14996.300277834136,35894.19935946592
PTC-FLO-DASH-RDD-WAVES,1011.0046601342639,326,19429.747989665815,40059.9342077293
XMY-PTC-DCR-XLM-ENRG,1485.2275088675608,355,24259.07151809016,60071.09279946562
NEOS-VTC-POT-VRM-XST,2311.230307521948,382,21266.67360236269,59625.393325132056
RBY-NEOS-ETH-ENRG-BURST,766.786888963269,334,11539.917041839397,26089.96778290579
PIVX-ERC-IOP-XMY-LTC,1552.211137107312,378,18010.89782010673,50859.61283608827
XRP-NEO-BSD-NLG-AUR,1612.521369368995,324,86454.19253492329,66327.98110906743
ZCL-EXP-SBD-GRS-STEEM,4161.1528013430925,461,57007.66178395807,147364.6070307581
BRK-NXS-ETC-XRP-TX,1423.8797100740435,376,14687.627815652466,44083.362529623184
XST-BSD-BYC-LTC-TX,2243.4113082806252,354,24823.17403117754,81337.68209810584
XLM-EMC-SPR-POT-NEO,2544.823721453733,400,92026.50903725166,96987.81127680611
LBC-BURST-DGB-AMP-RBY,590.347731163912,331,9869.82736070402,20807.343453526286
STRAT-RBY-PIVX-AEON-NEOS,1042.0099388821104,348,12831.891519677865,31302.491709093243
XST-BYC-PIVX-LSK-SYS,1760.6108035516854,374,30465.658298639933,72340.40718964803
EFL-RBY-SBD-XVG-BRK,3327.7650486514376,379,55841.24061945082,92232.32546547272
VRM-XMY-IOP-SBD-NEO,5174.6247309841165,430,85172.33703560743,125661.662990689
REP-NXT-EXCL-DMD-GRS,2981.8211118222953,395,61151.30343489681,112638.77181233131
XRP-CLOAK-CURE-VTC-BRK,2688.283325073418,379,30503.69458535147,85680.9007461035
XRP-CLOAK-EMC-SLR-STEEM,1561.6864488216622,378,26916.325771475556,62441.40514267601
RDD-AEON-PPC-XMG-EMC,1800.7361254978,379,19194.95070379164,64105.79695470735
XMY-DCR-BCY-BLK-DOGE,538.2493311317448,305,12621.655692538678,21790.552673481452
XRP-ETC-BYC-EXP-NAV,660.2824801389729,319,13032.189756243111,23165.028649879285
BCY-NXS-BTC-NEO-GRC,1347.425623767979,325,88647.22071281032,52654.99096754218
EBST-SBD-DMD-ETC-EGC,2569.6597721571848,387,15253.199438159734,69352.80805526866
XST-CLOAK-SEQ-ABY-BCY,2905.9084353546527,387,32367.65750753688,84579.19100081851
EXCL-EFL-STRAT-PTC-NXT,1552.0327137046959,357,19037.13493359585,47643.340524589425
AUR-XMY-XVG-GRS-PPC,4707.093401878196,425,99624.77648620158,172721.324491701
POT-TX-REP-LSK-DMD,1184.2440084922443,338,20739.150579854584,40966.286243669296
RBY-DOGE-PPC-XRP-AEON,726.6140019080098,323,11808.762774189043,26971.858823514824
XVG-SLR-AEON-BURST-CLOAK,4417.527227886636,405,71194.50153751958,142734.60651941097
AEON-PIVX-NEOS-EXCL-STRAT,1169.6182500921038,342,16535.0561068842,37307.921662791174
EXP-SHIFT-XMR-BRK-RVR,1401.5008375342895,340,15696.296127149322,37685.20783877007
SYS-GRS-DASH-VRM-ABY,3012.53004782489,420,58754.77609339816,117724.91546071411
ENRG-ZCL-DMD-SEQ-REP,2597.510799472156,410,18822.234224469004,73305.33274064661
DOPE-AEON-PTC-DCR-ZEC,1586.8062637416153,358,21780.67943019919,63959.354341300656
NLG-BTC-MONA-NEOS-VTC,1325.1449231945212,328,30156.936827647754,46978.63833779994
EXCL-DMD-DOPE-AUR-RDD,2679.306352912046,368,21514.205565313645,81305.44579901046
XST-ETH-LSK-IOC-SLR,1545.2933921256874,352,26270.455805406124,52377.48388056076
ETC-CURE-NEOS-TX-GRC,685.3692152933291,317,9683.357478013155,22459.993535490805
PTC-ETH-BCY-OK-ENRG,1176.4176749621406,361,17687.837372699294,37360.811940332955
XRP-BURST-LSK-ABY-PIVX,1036.5668949917974,309,21504.15978624584,41031.21468016192
SBD-SYS-RBY-BCY-NXT,855.9517522422944,324,10639.709706165595,26629.97054945869
WAVES-SEQ-RDD-EMC-BRK,1638.2277271530854,362,20940.33410910055,57730.63757258862
BCY-PTC-BRK-BURST-ZEC,812.4689980985269,327,14150.3820880335,27739.635356392206
DCR-EFL-ZCL-MONA-XMR,2647.9567624194087,383,34672.59847939724,115016.81827604321
BTC-XMY-REP-POT-RBY,783.8388052219744,308,12120.478944943447,28113.333039798978
TX-DOPE-ENRG-EXP-GRC,1299.797743439142,391,10970.246765831615,32155.174625979205
XVG-SHIFT-XMR-TX-ETH,2548.9960858366644,378,63251.08735205657,98634.81799869014
XVG-EFL-NLG-SEQ-ERC,2386.4335871494027,364,62648.078977031975,85866.87489241005
VIA-AMP-OK-SBD-XMG,2032.0329752006505,403,16476.314437753947,53802.80596716197
OK-MONA-DASH-NEOS-GRS,4427.198245371449,404,72621.5670717654,158636.22682589857
NXS-BURST-CLAM-AEON-VRM,1574.8548835222646,374,16507.993509852873,46613.525653411125
TX-DOPE-RBY-STEEM-POT,1695.6855594287688,379,13456.320942624,51179.96585337923
POT-ZEC-EXP-XMG-IOC,586.5765005549201,300,8757.758947465545,17523.792730373476
AUR-XCP-BRK-BURST-BCY,793.351072650999,334,9497.88364062307,22410.371135037723
WAVES-DMD-VIA-XLM-STRAT,938.7164894192709,312,22253.219550397946,41536.466869392796
CURE-EFL-SPR-XMG-ENRG,1418.0859339485262,369,12029.015563897075,39371.023680034414
ETH-SLR-SYS-RVR-VIA,1083.5501851154002,346,18364.40631046531,40690.754362699074
DOPE-ZCL-NLG-TX-DASH,3320.929015749898,435,17109.042236128436,98053.6094887977
ETC-BTC-CLOAK-EFL-REP,939.1419602739495,319,25374.66537059079,40788.061702875726
SLR-EGC-ZCL-PPC-TX,2392.549785857838,432,14558.768777023059,73235.64550930019
BRK-XMR-SLR-PTC-STRAT,1214.733621195995,331,17423.40092332146,39269.14773496933
SLR-EFL-CLAM-BSD-ETC,582.4220618377832,292,10722.784363134575,20918.933882686106
MONA-GRC-RBY-LBC-EGC,1296.6318086130952,338,24020.162245050706,41496.897662209725
ABY-VIA-XMR-XVG-VRM,3311.1688440188027,390,62460.83890370822,104690.63716531379
VIA-IOC-DGB-PIVX-BLK,827.0303647072212,328,15178.387317823672,29001.53973394338
CURE-XMG-SPR-NXS-OK,3379.1232537699934,442,18262.9190572426,82629.32457432039
EXCL-BLK-AUR-TX-BTC,1019.3995388138582,316,15011.630869389972,35447.282595507066
CLOAK-ERC-EMC-BCY-LBC,1366.1537746606073,387,25946.810535792287,47209.149725156356
VIA-NAV-ETC-AEON-EMC,1204.8401147406962,355,18953.450314210153,46520.974074292586
NXT-WAVES-CLOAK-XMG-PPC,1559.0384371676225,344,24958.161477423273,51745.51248129973
OK-NXT-RVR-CLAM-DCR,1448.9296199357505,368,17667.79368598393,42847.09451147872
XMR-SYS-BLK-CLOAK-RVR,1641.6001816917187,365,28258.147325614133,61943.169017764274
ERC-SLR-NXT-VRM-NEOS,1482.2456458000079,355,13796.453587759175,38798.89538818629
ABY-XMR-POT-PIVX-IOP,985.8627376861124,358,12746.008870070093,29900.314637987736
XMR-FLO-VTC-ETC-AMP,594.5349443502403,326,16345.951019116083,23711.202938015093
SYS-CLOAK-POT-AEON-VIA,1848.2434869834115,388,29896.486690561196,69807.88795621932
XST-PTC-SEQ-SYS-XMG,3110.430587256835,384,27662.879913588677,99481.06850703216
OK-STEEM-FLO-DCR-BRK,1426.9180962254384,377,19026.155404202036,55227.73959466393
AMP-DMD-DGB-SPR-OK,1850.6970787200626,419,15102.540731475765,46044.64837071385
EGC-ETC-POT-MONA-VIA,1222.694125477632,341,27594.30636275865,45717.08429328837
FLO-SLR-CURE-PPC-GRS,1437.770153029985,369,54727.38126991308,62486.874262718455
NEO-XVG-AEON-DMD-EGC,8482.617592985465,428,136122.92296946255,284449.80795287434
PPC-CLOAK-RBY-GRC-SYS,1047.6995790546873,352,23706.74839934108,39741.10192341564
CLOAK-DMD-XVG-NXS-STEEM,5349.112879135871,420,75137.70829194236,177416.3400485035
EGC-IOC-VTC-BYC-XST,2501.3428706369014,382,24872.4036342169,72486.35200593265
DASH-AEON-RDD-PTC-XMR,1576.7084244263374,329,24674.809919266077,63671.94953159463
PPC-ETH-EXCL-XMG-DASH,874.81200292989,291,18124.815515529528,37868.39300071323
ETH-SPR-BSD-BYC-EBST,2347.6190935566115,400,18362.315302970826,69836.65029278073
SLR-NEO-XST-VTC-VIA,4410.3659841141625,405,99979.72986712563,153263.50946062632
ERC-XLM-NEO-VTC-ZEC,2375.520168878788,370,99018.74736408326,120899.08197625256
RBY-OK-AUR-VTC-RDD,2541.2020031733464,403,21617.39267727763,76306.89223378894
RDD-BCY-BLK-VTC-TX,1250.983013611205,355,18254.062881406244,42650.91166417993
LSK-XMY-RVR-BYC-SLR,1901.4846776392096,371,22099.977823194342,50680.57934716677
VTC-FLO-BSD-XLM-DOPE,2416.2684529601074,389,25495.911245104275,87962.98277794685
ZEC-LSK-NLG-RDD-DCR,748.3729427118279,296,25077.831472446673,39213.133862341696
BSD-CLAM-BYC-XMR-XRP,687.3664468585758,287,16515.85816219991,29995.520554766597
SPR-ETC-VRM-DCR-STEEM,974.9516968781588,363,14744.10673602363,36483.659133282126
GRS-LTC-OK-NEO-RDD,8560.37629910732,419,140313.59325280387,412752.43057816656
SEQ-XST-ETH-NXT-WAVES,1618.1108595277321,334,23901.400554997836,57819.54419554008
XCP-SBD-EGC-REP-WAVES,881.4683200267615,331,10563.63682220054,28591.07208894664
TX-CLOAK-EXCL-IOP-BYC,2773.9565368322415,431,28018.46255299732,80345.59599744924
XVG-BSD-DGB-ENRG-RVR,2702.881622223964,401,58051.56541252661,84887.562103933
CURE-SBD-STRAT-XRP-ABY,1148.025699556027,344,10849.836140765829,34522.51821150109
DOGE-PPC-LBC-NLG-XMR,403.1378241174648,271,11168.195015595345,16413.919142840394
BSD-NXT-EFL-SPR-EMC,1501.1461098443715,383,15039.432842627155,47295.79325097463
DOPE-EGC-ETH-AMP-VTC,1598.9632149073366,348,20242.988032351735,54076.645581143464
LBC-DASH-VTC-XCP-FLO,815.0151301147368,338,15318.549448113408,25525.729853746678
LTC-EXP-GRS-FLO-DOPE,2721.8665741810487,396,59216.69774667527,106760.7471021431
XMG-SYS-REP-PPC-VRM,1097.5298738929391,341,13978.65102546287,38903.64774863008
TX-FLO-LSK-CURE-PPC,964.4379712956948,349,19356.907016906458,37205.16444044682
XMR-GRS-NLG-EGC-REP,1726.5869932828698,353,58684.53276361686,83047.8854815634
EXP-NXS-VIA-ZCL-STEEM,2304.3514057976004,412,19902.422374325582,72187.11387143635
STEEM-XMY-STRAT-WAVES-PTC,1068.5451778800737,323,16390.93707950419,36733.257593010516
EFL-NXT-XMR-ETH-BSD,910.8532500671616,293,18941.21569597787,39195.35887320356
XCP-BLK-POT-XMR-EXP,496.4947194665904,309,10147.657077824613,15737.634528229699
GRS-VTC-SHIFT-DOPE-ABY,5177.59523646319,431,63942.674325215194,177607.51138538303
DASH-AMP-NLG-BTC-OK,840.8556756234291,315,15444.664823416266,28870.353543016936
LTC-DMD-DOGE-STRAT-RDD,943.8015221272209,315,19582.550595424946,38421.51467678435
PPC-ZCL-XST-IOP-XMG,4112.683340907833,465,19007.632034360497,115439.41821902408
XVG-RVR-RDD-CLAM-NAV,2625.873166990587,364,60859.828050924014,79706.2344868953
VTC-EFL-ETC-NAV-EMC,1094.3558471205067,356,19470.283131610842,42679.483024149944
PIVX-DASH-NEO-SHIFT-FLO,1828.1261462356056,343,90298.71423044703,74728.4924697138
OK-EXP-SHIFT-XMR-NXS,1810.799301422143,382,20682.21316058264,50708.67946197615
XRP-XLM-SYS-IOP-PIVX,1006.4659811935907,367,19344.51743962866,43389.97912049544
NEO-PTC-XCP-CLAM-BSD,1964.389245427311,344,88873.34872772344,67865.78091773538
XVG-XLM-VTC-ABY-DASH,3402.8994037978455,399,68008.23667378549,122936.21017594326
FLO-WAVES-SLR-CLAM-RVR,660.918642448229,323,9695.20149951731,20105.511186383344
PPC-ENRG-DASH-WAVES-AEON,731.924617214408,328,12920.88110440549,26158.01820069231
ZCL-ETH-ERC-ZEC-DOPE,2379.2639953667294,401,19979.03268422495,91001.6626663421
CURE-EFL-XVG-BSD-XLM,2827.7810670238146,389,65016.566770499245,118521.42268503444
SYS-IOP-POT-ZCL-BRK,2488.49182599061,453,13445.34833698222,67613.59409097387
NEOS-AEON-VTC-GRC-BURST,1134.6076342693725,341,17260.691919462515,36510.523089312905
CLAM-NEOS-BYC-SLR-ABY,780.256355735508,343,10030.537749313506,21602.029890708054
IOC-DOGE-SPR-LSK-EGC,1379.7267593616918,396,18135.437602095117,38024.469798912636
XRP-CURE-XMG-VRM-BLK,1374.5565504027359,325,13348.570243227292,40676.390663636164
DASH-RBY-EXCL-ETC-STEEM,738.1735901318469,300,15140.08046928317,30237.370600409817
BCY-RVR-NLG-NEOS-EMC,751.8315313315328,339,10591.070906278543,21690.666329936736
GRC-NXS-POT-XMR-CLOAK,1407.042556914061,355,28210.618146996523,51311.12575886196
RVR-TX-CURE-ZEC-BCY,931.1065028189448,348,11120.438888764222,28395.39147319157
PPC-EXP-SBD-NXT-ERC,947.4784639453057,345,11719.456710260238,27417.1908600183
AUR-LTC-TX-EMC-PPC,934.4941676841249,323,15503.392028757491,37171.09228142956
VTC-STEEM-LTC-NAV-BCY,907.9696667127357,315,21077.103212595655,37102.23941880484
ABY-DMD-TX-RDD-EMC,2037.9185611741868,413,19064.883437830274,66500.95375754083
DCR-SYS-PTC-SBD-XST,1908.927747211995,364,25331.744038748777,79806.54505971704
VIA-ENRG-BSD-SBD-VTC,1780.4939106047382,360,19177.338416972078,53835.70556288923
DMD-RVR-NXT-BURST-TX,1951.059775057275,379,15997.60641835813,50369.43646450366
AUR-IOC-EXCL-NAV-NEO,2774.3727131145924,368,89288.97991048031,82163.72453458836
XCP-FLO-XMG-ABY-BSD,1323.9147443660486,371,12280.553603578992,37806.53814941016
EXCL-XMR-XST-EBST-BURST,4194.833811611521,415,26667.757013006918,134188.02812815466
SEQ-DASH-ETH-RBY-DMD,1059.246536410447,302,19965.0770382825,39892.44504516592
SLR-XVG-BRK-LBC-WAVES,1913.4420454925144,374,54977.40969939903,54053.76649319213
XST-XVG-GRC-SYS-LSK,3397.7151820805607,380,71104.17612935982,124614.45023411063
LBC-BRK-MONA-AUR-POT,1333.6928837326457,339,22868.713493376694,38280.38902932886
XMR-NEO-MONA-GRC-LSK,2837.3578235894047,326,109801.09308367356,129516.01383783297
IOC-BTC-XMY-LTC-ERC,1132.650954760463,317,19014.12488225377,41735.66830471255
IOC-XMR-TX-XLM-WAVES,1013.3610570332434,346,19769.678313971064,39515.81487153318
XRP-ERC-PTC-ZCL-EGC,3067.3254960289055,411,21669.424166556368,103882.65568859602
AEON-RBY-STEEM-BLK-SHIFT,1138.3469670011616,333,14806.595490534615,39750.39977615426
XCP-XRP-ZCL-TX-XLM,2370.7538759696167,415,20011.53916604486,78813.3418396519
BYC-XLM-DOPE-VRM-LBC,2344.5419267373736,390,21090.75827888728,66636.81330662713
LBC-XCP-SHIFT-ABY-STRAT,876.8955436974168,347,10605.394099398214,22812.11708567125
DASH-LSK-XRP-OK-ENRG,1546.1942526095695,353,23013.009134294327,51496.5255240837
PTC-STRAT-EFL-OK-XVG,3645.854755461713,384,63207.12837496949,113786.32895725803
ZEC-VTC-SPR-BRK-EBST,3055.3444161255366,433,17764.325027227773,77452.73251140045
XMY-POT-CLOAK-EGC-PIVX,1944.9376979543272,362,26626.412947612942,62785.497393635975
NXT-ZCL-EXCL-NEO-VTC,8345.099440059159,462,97200.1735238196,249467.64591032008
SYS-WAVES-RVR-AEON-BTC,1120.7321580345922,351,17142.342309881322,41513.35853063519
STRAT-DASH-ETH-OK-BRK,1304.990417359169,348,17839.883916951512,44674.68454690318
AEON-SLR-BLK-CURE-EFL,1170.4761927316588,362,13449.673612260616,35835.22312930902
DGB-ZCL-NXS-AEON-AUR,3165.069462196793,459,18832.091194539527,94852.62067747807
NEO-BRK-ZEC-ETH-SYS,1576.803665976431,334,89524.77266875582,74113.8181072317
NXS-SBD-BTC-AEON-WAVES,1353.0674752795328,338,17078.67075594607,46400.41563846541
EFL-DASH-LSK-XMR-ETH,648.4328425971984,231,25999.975130942228,39169.06698577404
STRAT-PTC-STEEM-ETH-NEOS,844.7207000868173,323,16710.89593986484,31565.73187056636
DOPE-EXCL-ENRG-XVG-RBY,4083.1088632255196,396,59711.33049575665,116822.56974275825
EFL-VRM-XMY-STEEM-XCP,1485.9241782660822,349,13906.054409616749,42878.38051875128
IOC-PTC-RBY-ABY-DMD,1576.1862474752122,358,15290.846418067049,38983.24789430986
NEOS-IOC-LTC-DOGE-EXP,566.0997808397075,309,10886.636882063278,17077.11937853662
EGC-XMG-XMY-RDD-SLR,1667.2333122222421,335,17665.98975364212,53429.700724417475
RBY-EFL-BLK-XMG-PPC,835.0644543488041,315,11039.19650607667,28317.64539615446
BRK-EBST-EMC-ETC-LTC,2016.4070622500535,371,18305.34584745497,67785.89541262512
VIA-FLO-EXP-VRM-XRP,994.8591647003852,362,13994.801337623492,30717.947514951855
XVG-SEQ-IOP-BCY-ETC,1986.235341456777,413,55937.70842895277,55980.01602632922
TX-EXP-NEOS-DGB-GRC,702.7774077657671,341,9481.944219838362,21335.561658591912
MONA-AUR-SPR-VIA-CLAM,1434.87463294241,373,25370.57469312153,44789.44090926501
AUR-XVG-CLAM-SYS-EXCL,1800.4380420500386,370,58620.79477581069,65724.37155591031
NAV-TX-SPR-EXCL-LTC,1879.4161345918287,393,19173.447783828873,59217.40169886475
AEON-CURE-SBD-EMC-EGC,2070.1316251768176,400,16047.493874374893,63884.81524800855
STRAT-RDD-PIVX-CLAM-GRS,1711.4965944572707,372,59054.68350007681,79200.44600305814
XMR-NAV-RDD-TX-ZEC,1166.3437022065048,342,19503.812945565558,48796.906385018156
NLG-XMY-CLOAK-ERC-ETC,1397.1342085821934,352,25773.70548025477,49079.186677915
NAV-SHIFT-GRC-LSK-NEOS,1094.9383436516553,344,20987.71490134627,34732.17694412995
PTC-AEON-NLG-EFL-XLM,1505.3664723662343,361,23070.422821717835,54768.654898534
DOGE-PTC-XMR-STRAT-XCP,730.3752318659134,311,15901.328863341278,26478.117464629628
NAV-POT-ABY-DASH-NEOS,910.633904742092,320,11977.70439525459,27059.666806743113
PTC-ETC-ZEC-PIVX-PPC,460.12795214280294,270,14193.730557950106,20659.65139552972
TX-NLG-POT-DMD-RDD,1362.5994489155885,363,16113.187171978532,42674.93136262011
XCP-DOGE-DASH-ABY-EFL,779.5568605954705,325,11497.05734585251,25555.120938795713
DGB-XVG-PTC-RVR-NAV,3429.174988937008,377,62830.62818054679,103828.77469691183
RBY-GRS-BTC-CURE-ENRG,1951.2068001382743,381,56319.25260209253,81384.03601875625
RDD-BYC-NEOS-LSK-EXP,1077.037033856325,324,22427.003347807487,36003.77774002513
SHIFT-EMC-AUR-VIA-STEEM,1347.1530629750446,361,18411.08278043173,49949.3975374233
PIVX-PPC-XST-OK-BSD,2548.2916588556723,392,22993.45491618941,78728.01904820601
ETC-PTC-OK-SYS-BCY,956.8310817950519,343,17132.043812402586,33028.89086360073
XVG-DOGE-DCR-ZEC-AMP,819.9894395415052,326,56973.48301396479,38757.972439450874
XRP-AMP-PIVX-ERC-BYC,768.5836833775148,332,16439.224154513722,29796.00231449865
DOPE-IOP-IOC-NXS-ERC,2592.9791565931714,414,16683.169064039335,63824.02849333756
XRP-CLOAK-VRM-NEOS-IOC,1829.7338034428697,381,23408.43969028145,48221.85866084671
NEO-PPC-XMG-OK-CURE,3452.771409650448,376,90152.00809109649,113370.68280830307
AMP-STEEM-EXP-VIA-ZCL,1452.776431237442,385,15569.281776896376,45349.54724419791
IOP-AUR-PPC-SPR-BRK,1272.4882119335223,424,7959.567307249288,30081.70041868962
GRC-POT-IOP-DOPE-BSD,1383.7588022210823,360,11642.182399787973,37277.05114680658
BYC-PIVX-XMR-LTC-DASH,658.4933910834166,250,22161.57149112993,34442.841302848115
STEEM-NXS-EFL-IOP-IOC,1478.2751203765315,411,13913.738768590223,40583.95492936145
BRK-NAV-ETH-GRC-DGB,893.621302259542,326,15587.101542768882,34220.09907346232
DGB-BURST-CLOAK-XRP-ETC,1041.4572095958267,322,24948.70866247897,43987.07125331386
DASH-LTC-EBST-DOPE-GRC,2589.6830486831805,367,19775.716406000658,78476.48112438373
PIVX-REP-XCP-NLG-NEO,1283.4248458193329,335,85926.30586331563,48664.31039688624
PPC-PTC-EXCL-PIVX-RVR,1438.6935218746742,342,19525.139228885077,43616.569822781676
XMY-ZEC-XRP-RDD-EXCL,1242.9533848462033,327,18717.274287038214,47465.83333123098
ENRG-DASH-DCR-EGC-MONA,1326.4957835131554,328,30165.44101416416,58958.82047150715
SHIFT-XVG-VIA-LTC-PTC,3439.0259916470923,396,68066.21001176078,121480.20556788378
LBC-DMD-CLOAK-ZEC-BLK,1098.5037714923774,328,23757.415090175473,37531.388620701444
NEOS-GRC-BCY-EBST-CLOAK,2167.2114113498556,387,23351.953166902316,55024.06268583558
XVG-RBY-DASH-STEEM-DCR,1522.8964653370147,325,61284.88877486909,74231.22804928431
BSD-XMR-NLG-EMC-CLOAK,1546.2107521384185,341,29409.76082263231,64702.47126164909
CLAM-ETC-XST-RBY-CURE,1014.2488605891444,347,15186.726257449449,33649.81371446126
BSD-BURST-NXT-SHIFT-BLK,1175.8040325561246,333,15170.18627689933,39212.096028386535
CLAM-EGC-OK-EBST-XVG,6479.298826198063,437,61475.35302634066,173703.37556721072
NLG-SHIFT-EFL-CLAM-LBC,632.7026074949987,326,10874.975247713446,20233.23591357005
XMY-VIA-EBST-STEEM-WAVES,2569.6987297758283,412,18759.57016329093,75725.28610640956
ZCL-NXS-BTC-NEOS-SBD,2688.487434060624,407,16737.363026009454,75412.03275908975
SPR-BRK-DGB-AEON-FLO,1706.2310878134222,419,13311.028331946403,47971.68107498271
RVR-XVG-XMG-DOPE-CLAM,4282.129304838585,389,58501.33506013757,103763.97030655656
VTC-DOPE-DMD-AMP-POT,1675.9426626653826,373,18200.804067859834,44545.1532062779
VTC-PIVX-IOP-ZCL-OK,4623.303823092517,474,21852.338193864114,122479.65830023972
NXT-PTC-XST-ABY-BYC,2736.0900807788103,388,23320.10726607671,77075.0852092086
MONA-STRAT-NLG-ZCL-SBD,3135.247525067566,414,25968.082097275896,90668.47321134942
SEQ-DGB-IOP-GRC-EMC,1334.0294465774234,400,15372.836093216072,40969.13824666617
DOGE-SEQ-TX-NAV-XMY,1653.060830277179,365,17576.161329092956,50604.91698636928
NEO-CURE-EXCL-DASH-FLO,2268.065891442532,343,90663.90057838547,87344.55985190661
NXS-AUR-STEEM-NAV-RVR,1610.5320226123088,354,17075.163714270548,49195.162169958494
NXT-ENRG-AUR-SEQ-DASH,1210.447662223204,348,15345.09751507447,33968.977228081174
ABY-BYC-BURST-DOGE-STRAT,727.8787957143052,309,12708.076972703024,25913.793242659005
POT-ERC-TX-VTC-ZCL,2952.17073715102,436,20984.46339344491,94497.97547425551
EBST-XMR-RDD-ENRG-XMG,2642.953334241452,380,20444.22785266002,82789.16412662648
DASH-DMD-BSD-EXP-XMR,802.0380060415147,271,17643.507099297338,31201.676127279607
CLAM-AMP-PIVX-EXP-BURST,434.07608476467976,320,9621.855184624763,14706.565280635197
DMD-BLK-ERC-FLO-AEON,1300.36675375622,376,16850.09023032989,42874.34387669132
VRM-XCP-NXT-PIVX-REP,1017.3871058841922,333,13225.762958564952,30842.233703782447
TX-SPR-NEO-ZEC-ABY,2655.45097559075,433,84746.12787673013,80505.86934534178
XMG-BRK-MONA-DOPE-ZCL,8130.065082491751,470,31321.243294960732,206246.16170050908
GRS-DMD-IOP-SPR-NEO,7091.2067705764875,482,129915.97045501505,228635.1444912994
XMY-IOC-XMG-SLR-EXCL,1579.5901924535322,355,15055.086743331089,40484.83626408337
XLM-XVG-SEQ-NEOS-SBD,3628.97076274402,387,64098.238784848545,108015.93046518185
BSD-STEEM-ABY-ETH-ERC,1079.8339894980707,324,18166.590507730252,46884.73999030382
EGC-AEON-IOP-SPR-XRP,2098.4569451246252,441,12511.720352059805,52638.53820737234
VRM-BURST-ETC-SPR-ZEC,896.4742329679043,385,10406.279133543556,27915.840761449348
ZEC-NXS-SHIFT-XCP-OK,1544.2433940803205,379,17806.83461104333,44739.557317824816
IOC-PTC-DGB-EXCL-AUR,1276.5744568293458,353,17167.46424314582,41077.3670385606
BRK-ABY-RBY-BSD-BCY,1093.5338905691024,340,10827.252217801546,30943.440934818325
XST-ABY-ERC-XRP-NLG,1479.673746125096,358,19557.423749734753,53433.06676351717
NXT-NEOS-SLR-XMY-ABY,1313.3583409455482,355,10864.593492858621,31439.50335226119
MONA-GRC-PIVX-STRAT-DGB,904.7399960331464,313,26428.517960144534,39260.17793104086
SLR-WAVES-BSD-SPR-EXCL,1321.1018453603463,382,14461.880828721532,38187.59259537369
EGC-SPR-RBY-BLK-STEEM,1273.5183209966071,377,11355.18617118819,38204.598999326154
STRAT-WAVES-AMP-SPR-XMG,889.2871137554256,362,9783.155306707366,24852.672416674992
XMG-ETH-EXCL-DGB-POT,1048.5045022704765,324,17262.71617093725,41567.617937466275
IOP-FLO-GRS-DOPE-BYC,3599.411301184239,441,57557.59328253079,124926.74718787862
VTC-CLOAK-EBST-DCR-VRM,5589.01822679859,448,35638.05005288838,182064.07852577756
XVG-LBC-ENRG-CLAM-AUR,1293.2302172480981,356,52018.71994791407,38777.08591244076
POT-STRAT-AMP-XMR-SLR,533.3316605837928,312,11115.669841905168,18430.549088444663
ZEC-PIVX-POT-NAV-XRP,546.4902185023595,283,13462.534776001652,23469.675229411714
DASH-BURST-PIVX-ZCL-POT,1653.583389052712,388,16516.372568355902,54219.2858800048
XVG-NEOS-BSD-CLOAK-NAV,4474.682344345657,398,71008.50658298533,141101.06768112426
IOP-NXT-ABY-VTC-ERC,2050.3788449299027,410,17530.242120457784,55262.87477480902
AUR-MONA-IOP-CLOAK-EXP,2411.496196293018,393,34246.8130142057,68422.57949930077
SYS-PIVX-NAV-VIA-VRM,1279.7215066293109,340,20148.526925089118,48117.32861069796
BSD-DGB-XMY-PPC-ZEC,854.005838455305,316,13098.229903256319,33342.5566616766
MONA-BLK-NEOS-AEON-STEEM,1568.0122424608887,355,26412.100798984346,52537.809219148665
BCY-SBD-XRP-NXS-RBY,984.3730748822182,338,11855.067806571195,30681.19018037995
SPR-LBC-EXCL-EBST-SHIFT,3326.3584940720702,452,16824.731744938483,74073.63950994871
GRC-VIA-NEOS-XMY-XLM,1185.0220812385032,352,19584.36097866224,38845.84751139578
RVR-VIA-ERC-EBST-ZEC,2673.3362183543086,403,19627.117418796595,79090.48582710588
DMD-SBD-RDD-STRAT-XMG,1767.4081700106556,360,17085.595309483124,52337.47081523604
BTC-GRC-ETH-DMD-BCY,405.21745191538497,239,15082.532252547951,19624.54445506024
RDD-NAV-NLG-EXP-WAVES,802.645196404572,310,14696.643249536879,27658.58358775892
RBY-XMR-FLO-XRP-XMG,953.7120349221891,313,14569.466464914252,35419.64933349339
CURE-EFL-XST-ZEC-BTC,1018.464590563252,302,20105.968096472425,42925.00511255126
FLO-PTC-BURST-GRC-NEOS,720.2700465664382,311,13582.733230417802,24643.94810295971
EFL-EXCL-DOPE-RDD-STEEM,2511.4927387124076,373,22061.75729525195,89392.84352160696
XRP-PTC-EMC-EGC-TX,1640.6729376588282,368,18772.87010259265,61792.93064708352
REP-IOC-OK-SBD-LSK,1780.6397060760314,351,20499.08916621872,52400.059435548574
CURE-STEEM-LSK-GRC-SYS,836.224967603478,298,21844.372949324275,37828.536270758595
CLOAK-XLM-OK-EFL-NXS,3996.467631703959,431,36955.63494947112,141048.1087368044
BRK-SPR-VIA-REP-LTC,1288.321724211067,369,17341.00035582603,43583.83748463096
DOPE-IOP-NLG-EBST-EMC,3377.4330947650524,444,15403.759856065552,84222.49313523588
NLG-SYS-EFL-XRP-BTC,621.8967462810537,294,15168.527638991929,28808.55138643204
RBY-EMC-ETH-LBC-BCY,592.2243926732197,318,12009.443146318867,22092.395533610154
AUR-EBST-AMP-EFL-PTC,2206.0899979023657,379,16029.448936429177,59062.80972689061
SPR-BSD-MONA-VTC-XVG,5768.92894135678,439,75532.43635662373,179309.0359605124
EXCL-BRK-DGB-BCY-DOGE,816.1411193727951,335,13528.648274667266,27868.138466109052
AEON-PIVX-POT-DASH-XRP,822.7477319113248,308,15556.433751899396,31003.405973090503
EGC-PTC-PIVX-ZEC-EBST,2422.599012859282,393,19523.639883083444,74936.34379574533
ZCL-RBY-BRK-CURE-POT,2262.460522123871,412,13406.602584622968,64035.00569220249
RDD-VRM-ENRG-DMD-ABY,1916.9392544391378,358,16672.137282531916,52688.598946049446
AEON-TX-LBC-CLOAK-REP,2018.5705023026935,398,25404.207029097808,64712.142152054876
DCR-GRC-NXT-CURE-EGC,908.4604483904075,316,16463.180153377216,37134.97168449628
BCY-DMD-IOP-RBY-DOPE,1638.0386918300132,368,11912.093278771494,40213.78101504952
ETH-NAV-DOPE-VTC-FLO,1717.0298695560275,349,21754.931005311373,62206.9273876035
VTC-STRAT-XCP-NEO-XRP,2013.56566444263,357,90210.81228306089,73158.490483539
EGC-XRP-OK-BLK-BCY,1149.6263710050064,352,13736.88530469813,35849.826382013875
NXS-ABY-LBC-XCP-XMY,1389.5492170924626,373,12891.540121948226,33039.423753028845
VTC-NAV-XMG-IOP-SLR,1895.5375994126323,385,17092.88732144679,52203.05892676594
DOGE-MONA-EXCL-SBD-NLG,1436.9397510762988,329,26141.46808909213,49134.658775194956
XMG-OK-DASH-XRP-IOC,1717.9081372727956,362,16355.215597529237,47365.606380369514
PPC-ENRG-BURST-ABY-BLK,655.9961557042661,318,9380.580909456172,21973.877311924956
EFL-NAV-BURST-EBST-DMD,2686.11283283648,384,19206.568046793225,78837.24468911989
CURE-LSK-ZCL-BRK-VRM,4689.991400318961,452,23596.28122023018,117147.6159996983
EGC-XMR-XMY-BLK-VRM,1625.3720124435818,360,16014.995824912288,47710.439533876735
EXP-BURST-BYC-ZEC-SLR,562.7894176691653,322,11688.750021563581,20223.168293345472
NEOS-ETC-DOGE-VRM-AEON,978.8536601703572,347,11336.817087800631,28001.50991893347
NLG-BTC-XLM-VTC-DASH,877.465795886511,299,24685.39193444022,43177.436719772144
SHIFT-XMR-ZCL-BURST-RBY,2301.2012815020257,402,18636.667109860813,76909.10995721488
DOPE-VIA-AEON-RVR-ETH,2569.8934403233343,393,21226.734493546024,74830.44191592408
MONA-ETH-CURE-TX-SYS,1658.4577426457263,350,29973.280636542262,70763.24744958425
SBD-XRP-BURST-ETH-NAV,978.3121482020744,301,15439.407419905954,39195.57618676515
EGC-LTC-SPR-AMP-EBST,2476.7773831206373,435,16193.898515981098,65270.87671957737
XLM-SPR-ETC-RDD-AEON,1640.4265001179917,401,21210.781590987925,59918.40812716073
BYC-IOC-DCR-NXT-RVR,1292.8758516522512,360,17128.832342809,38188.927117591375
MONA-XRP-REP-FLO-RVR,1452.5161469267828,364,25741.188953436107,50269.19193710273
NLG-RBY-NXT-BSD-OK,1794.3278633482983,392,15187.61191886098,47979.3862083147
WAVES-XST-STEEM-REP-VIA,1135.2649759735257,333,21617.518245336643,49648.81863728688
POT-LSK-OK-DGB-PPC,1180.9287397338915,347,21396.947705482802,43116.669876325344
XRP-FLO-LTC-BRK-RDD,1271.1191442175034,339,18902.811261264156,48189.096520168445
ETH-NLG-SYS-SBD-BTC,627.6280244064054,283,15205.121373434064,29058.23082655551
ENRG-VRM-BURST-TX-OK,2274.6659536627394,427,15544.203321621822,61389.85658501566
RBY-XST-DASH-NEOS-OK,2290.2460098822353,371,20220.862717920358,65824.43031084712
DOGE-BURST-LTC-TX-EGC,958.9134935060509,332,16530.85786081437,40545.7765475856
NXT-CLOAK-ZEC-IOC-EFL,1395.5132729464303,350,24076.00440435476,43159.932462807235
CURE-ERC-EFL-NEOS-STRAT,982.5379664936534,313,13938.256798999791,33590.53198289563
BSD-XST-NLG-MONA-PPC,2023.4829517911678,364,31638.592538194906,73130.18578237183
GRC-PTC-IOP-XCP-SBD,1243.5697912420271,360,10969.744645629375,32543.82554281185
SYS-OK-LTC-BCY-SLR,987.5705156829646,353,17500.15013086919,35716.94752858369
XVG-NAV-RBY-EGC-XLM,3270.5281226532447,386,64481.84948829403,120328.99185983179
SBD-BYC-VIA-ZEC-XMY,1311.7958535331481,338,15789.528328866934,43040.61629559884
CLOAK-XMR-NXT-IOC-BCY,1222.0796691186654,340,25265.641537870306,37164.02446719648
RVR-ERC-PIVX-STRAT-SPR,1397.4327608459987,382,14928.672994936032,40041.31996477197
SLR-BURST-XMY-IOC-XMR,1022.3746870589039,335,14483.162831712569,31740.494632662107
CURE-GRC-BLK-XRP-GRS,1615.3325542889872,372,54985.3710491242,69316.41395157788
NEO-XMY-FLO-ETC-BYC,1909.2812528434335,359,87344.94139794982,69045.03463861653
RDD-AEON-BTC-NXT-NXS,2007.89149848295,367,22383.544686704172,67994.97064155401
DASH-NLG-SHIFT-ABY-RVR,1227.1969867026148,356,14067.891406426488,33334.56364105576
IOC-ENRG-SHIFT-ETC-OK,1334.0036857978594,400,13523.006871303536,32603.621340769783
AUR-LTC-ZCL-STEEM-EGC,2427.372844599159,383,18771.180078047808,84023.24102337498
NEOS-RDD-CURE-RVR-SBD,1931.9505239588261,364,14429.58450937778,48241.45696075186
EXP-EMC-ETC-NXS-DMD,995.4094909927926,349,15856.846519760014,31599.38885932009
STRAT-AMP-AUR-WAVES-REP,454.37227671474244,296,8635.565756365684,17249.02709903271
ZCL-SYS-AUR-NAV-MONA,3404.8383432724413,420,30306.48640710304,111196.01667470491
REP-LSK-NEO-PIVX-NAV,1989.6625900137576,311,97008.26489517586,89868.64120989753
XMY-ERC-XRP-ETH-AUR,969.8883075524557,301,16323.847599047505,39776.61421211578
STEEM-EFL-BURST-RDD-SLR,979.6007405760404,345,17287.257325163624,40937.746448111764
ZEC-ENRG-XMG-NEOS-VIA,999.0243141606629,359,13022.353274823088,29292.030751196053
BRK-EMC-GRC-EXP-BTC,725.3906165926334,306,13210.682348559552,25817.348344711056
RBY-RDD-EBST-DOGE-TX,2466.169859355453,397,16761.45678742088,81653.35014923604
TX-DOGE-ZEC-XCP-EFL,661.2957360393959,338,10520.609148878077,24256.879216979243
RBY-DOGE-GRS-XRP-DASH,1458.8502695197576,360,55885.70300637555,71464.88076041167
VTC-BURST-NLG-NAV-GRS,2408.774317006661,399,62317.42425162291,100393.27619690484
AEON-EMC-ENRG-ABY-GRC,1176.0718705297552,376,13072.646478335457,35467.423369053984
ZEC-XST-NXS-BYC-NAV,1941.7977901885988,375,23682.03507250558,65616.43142689481
NEOS-DOGE-VIA-XMY-SEQ,1345.6905205337857,360,17435.735952640196,36923.23833270804
POT-MONA-FLO-LTC-BYC,1105.7572783580872,325,29156.722307147516,43720.113866115316
EGC-XLM-PTC-XVG-MONA,5778.15436338987,406,80816.69803831626,219687.78270165058
RBY-DGB-FLO-EFL-MONA,1333.1156637281647,363,25689.962557599072,51632.12952819513
BTC-CLAM-PTC-EXP-VRM,861.3218553020977,315,14713.44976118021,26914.151237038906
CURE-EFL-RBY-EXP-NXS,1050.962148822093,339,13778.715485854214,32315.825220633393
NLG-RDD-RVR-IOP-XMG,1775.5555297146218,371,14551.45549974789,46604.57290937625
LTC-EGC-XMR-STEEM-FLO,861.1857509460546,314,19430.82154578585,40891.22989220969
SEQ-ETH-DMD-DCR-IOP,1209.4326624266012,344,21164.85349187399,47091.674523267684
EMC-EBST-RDD-GRC-XMR,2217.924365036353,381,21320.76525078818,79396.85168373038
RDD-RBY-SBD-PTC-STEEM,1431.7431630699036,340,18299.742339739674,51903.610708738655
BSD-RDD-XCP-EXCL-ERC,1690.766380516289,365,21326.380178549454,62790.46170829199
ABY-LTC-DOGE-BRK-XVG,2050.1967618237327,350,58905.00243985551,69466.0272346082
POT-ENRG-SLR-CLOAK-PPC,1105.3246798142711,354,21175.30389286788,34020.388889441725
IOP-GRC-VTC-NEOS-DGB,1095.36680842699,358,13676.586701466536,31565.691598155936
ERC-XVG-FLO-IOP-DMD,3026.085039668347,414,58922.70324100473,94525.31423953781
IOP-ETC-AEON-CLOAK-SYS,1859.4086332663064,422,25067.564666459224,60654.55719044499
ZCL-RDD-RVR-XMY-IOP,4548.536178777009,458,17481.61384672468,111472.11843909827
XRP-VIA-IOP-NXS-ZEC,1106.1596508571577,373,15793.730596039322,38105.20603459021
DOGE-WAVES-PIVX-SEQ-EXCL,930.4691706964063,326,18974.722053530288,34803.86158963443
VRM-EBST-VTC-LBC-PPC,2641.8228767728847,396,17838.996304062854,66171.95145658686
NAV-EXP-LTC-OK-ETH,1051.870144976054,325,20184.630647346465,39936.40689305241
XLM-DOGE-AUR-OK-EMC,1310.915696592665,362,20738.724662381,51870.524539337624
BRK-XRP-LSK-NXS-AMP,1490.455972954378,381,21743.832262347045,44737.85862586953
POT-SBD-NEO-OK-VRM,4660.482100659114,403,88057.06490976443,124185.38530131728
DMD-IOP-FLO-RVR-DGB,1594.876214478756,421,12929.099812715544,42300.98900627073
ETC-EXP-ERC-BLK-XMR,516.9433252898336,289,13495.590228315126,20726.338173213495
NAV-PTC-XMG-WAVES-SEQ,1724.043934004367,325,21422.366944971953,55352.16452909993
LSK-XCP-PIVX-XVG-DCR,1810.134224919082,342,68032.92489287206,79441.9593507581
AUR-BTC-EBST-OK-ETH,2413.0113215565393,364,19809.39064325696,81869.84959491553
LSK-VIA-RBY-EMC-XMG,1766.1311216184718,356,24521.910443441608,62083.10215798422
RVR-AMP-SPR-DOPE-AUR,1814.9822195963077,401,11080.522157377389,40161.556838342316
EMC-DMD-BRK-IOC-DOPE,2435.553183896515,380,16953.99371581419,60736.420874160496
LBC-GRC-XST-BSD-STRAT,1303.8047269781187,351,16999.179249952605,40598.71942532358
ABY-DGB-PTC-PIVX-VTC,1478.1230818882946,353,21744.098460390775,53049.5157839187
XRP-DMD-ABY-NEOS-ENRG,1026.7277957347708,339,11528.522788736163,28109.900769102536
EXCL-XCP-NLG-WAVES-DGB,759.1017528117633,345,13512.25889768001,25944.63502124274
NLG-STRAT-NXT-XST-DGB,1288.718205103056,356,17971.823738298015,42156.85637920577
EMC-VRM-FLO-BRK-XMR,1476.6702595204188,349,16704.364698184498,50460.715037032096
ENRG-RBY-XMR-DGB-MONA,1340.0862148354881,351,27164.00210936217,50283.10771519801
AUR-XRP-LBC-TX-EMC,1100.1540134239492,371,12151.809248320526,36322.675108789634
FLO-DGB-AUR-NXS-POT,806.4959406544705,353,12988.647011535255,29508.250281932687
GRC-ZEC-DCR-IOC-XRP,451.79811129755467,298,13072.887596880748,20230.070615471446
IOC-GRS-DASH-DOPE-XST,5719.595946238151,423,64311.024862622544,190792.6403848787
DMD-NEOS-XVG-RDD-XCP,2473.50273167761,375,60056.737049953124,74089.70818404906
XST-LBC-EGC-SPR-CLAM,1655.1148417921659,394,15542.25602663969,43248.68136229071
WAVES-OK-SEQ-BTC-LTC,1259.381414456142,329,23160.71620094647,49283.573404413124
GRC-ZCL-BURST-NXS-PTC,2693.0032766286463,415,20577.79579183238,83530.81867026673
RVR-STEEM-XMG-STRAT-VIA,1532.3744692342116,353,17033.9726976001,47599.564736366185
SLR-POT-DCR-AMP-ZEC,396.1609295215488,314,11463.301036386853,17527.25285164854
STEEM-PTC-EGC-EMC-LTC,1407.315942544144,343,22338.05551138106,59607.58431665217
NEOS-OK-XMY-BRK-ABY,2379.202449086283,415,14199.782246272058,50988.54045007762
EXCL-IOP-RDD-SYS-NXS,2337.53258639051,427,21189.927722498713,77457.03687042884
AMP-SEQ-XCP-XST-RBY,1637.077134226444,400,18625.272786824327,44097.57175729971
CLOAK-VTC-BTC-PTC-ETH,1921.598133842283,347,36353.37061033943,82696.9998040921
GRS-CURE-SEQ-IOC-EXP,2404.2550203454884,395,57873.2564368699,76715.7482444891
TX-CURE-EFL-SHIFT-XLM,1527.6486147004712,362,21112.82139902474,59171.030487756834
SHIFT-VRM-ERC-BSD-CLAM,1402.545117175045,337,16602.067556495098,46263.70239840535
XCP-PPC-XMR-VTC-XMG,1071.8247131696744,335,18618.102809846558,36430.01933294213
GRS-CLAM-IOC-CLOAK-LBC,2376.053702833992,413,65074.10698625113,83699.97479733426
DGB-EFL-VRM-XMY-BLK,1356.3497208489416,344,13525.415104601223,41773.2117109324
RVR-BLK-SBD-CURE-VIA,1500.0092182030442,370,14125.256520239076,41611.92372924094
BLK-SYS-DOGE-BSD-AUR,717.456239664631,327,12125.909907744246,28070.374493633804
OK-ENRG-AMP-AUR-VTC,1521.5454382358962,369,16318.481129070478,41488.25671885212
AMP-XST-OK-NLG-DMD,2070.7049222422183,394,20822.55332667109,54625.32226156858
SEQ-IOP-POT-XRP-ETC,875.827677985603,368,12025.34514734114,26837.66148701883
MONA-SBD-SYS-REP-SEQ,1974.8624886162374,374,29649.984970760608,68794.65083963228
ETH-EFL-ENRG-XST-CLAM,1008.0654038696866,331,18086.605145755148,37873.961521805075
DCR-NAV-XLM-DMD-RDD,1580.7293897224447,350,28384.389593592365,76515.68917052959
ZEC-NEOS-CURE-BLK-REP,548.3115806889858,286,9354.784133746509,19994.56511542533
RVR-TX-ETH-POT-ABY,1208.933337407275,358,13193.515636608756,36229.55835504668
XST-AMP-WAVES-ABY-XMG,1548.9764789039443,358,16809.927583623412,45257.21697975167
VTC-DASH-DGB-BSD-ABY,1312.0326343416461,350,19372.39882786555,49844.255600577075
MONA-VIA-REP-CLOAK-AMP,2015.2815093170084,386,39670.520812208815,75446.75401127723
AUR-BRK-SYS-RDD-FLO,1346.3074424467243,376,15960.407404705438,46275.085974680536
PIVX-CLOAK-RBY-ERC-LSK,1920.7399638382988,348,35394.29636875801,76846.00682612578
XLM-GRS-ENRG-STRAT-PPC,1636.5523286072525,382,59704.474391573625,77763.93172410894
DGB-RDD-DASH-VRM-ZCL,3060.1058195053415,411,20382.549553277677,98179.2344405453
EXP-STRAT-SHIFT-VTC-NXS,1282.56123398347,361,19481.36507343591,38639.39629395897
BYC-BSD-BRK-XCP-PIVX,1241.9551337545615,357,15838.919382559016,37772.62047182593
EBST-BLK-LSK-VRM-DOGE,2412.338982711897,402,20935.195939721358,66245.11983471445
ZEC-ABY-XVG-CURE-PTC,2224.481194582128,353,59389.06869040865,78145.51845357151
XCP-EXCL-DGB-SPR-EFL,1323.8425195015734,406,14194.918779611127,39299.924508553915
XMY-BTC-RBY-AUR-NXS,1268.9348380115882,344,15429.684287705668,40546.404998748825
EFL-VTC-AUR-IOP-DOPE,2376.444251120357,396,16721.43937282323,61021.19161602532
BRK-SHIFT-SYS-LSK-DCR,1299.3958411944448,351,26463.760681376432,56725.431442982765
SHIFT-BURST-SLR-CLOAK-BTC,1523.1776344110142,358,27981.69284635124,57109.146570966164
DMD-FLO-XRP-BLK-NXS,1128.4854156292843,372,15700.293835243367,35677.08135450615
DCR-BLK-WAVES-EMC-AUR,538.8500260514717,286,14696.431067328174,26794.690491635636
ERC-PPC-SEQ-XRP-WAVES,760.2810111819108,311,17383.38077166036,32146.263225849718
XMR-OK-EGC-SBD-CURE,1846.312212029702,362,18160.342088186488,59242.012008815545
NXT-POT-BCY-XLM-CURE,756.5244454352111,313,16255.0759563299,27508.764969459327
EBST-AUR-SPR-AMP-CURE,2067.6855990152058,417,11486.433729167584,51499.16460728827
XMG-AEON-AUR-GRS-BLK,3163.8075665507054,436,56891.17941224061,109474.25156210395
XVG-POT-VRM-SYS-NEO,4854.465005986925,398,132223.49956134797,169175.59583139003
NXS-BLK-XRP-RBY-REP,925.8615328445036,350,13148.910065293237,32543.295743069008
XCP-GRC-XVG-AMP-SBD,1569.8496815516664,365,52404.90473399233,43793.18100422052
ERC-SPR-BTC-BRK-SBD,1593.0727100793426,378,14414.276444149365,46543.00449389624
ERC-DCR-SLR-NEO-IOP,2185.812176774701,405,90036.30494426376,88078.18890119973
RDD-DGB-LBC-DOPE-NXT,1847.875144810316,370,17419.239245712273,55851.39963788831
OK-EFL-SEQ-BRK-FLO,2080.710458647939,382,19081.30329854472,58533.93989104871
MONA-AMP-SBD-SYS-GRC,1137.5359658411276,345,23932.283114974864,38105.37848383079
WAVES-BLK-LBC-VRM-BURST,806.8205992505907,329,10868.144910537589,24511.904527414965
FLO-IOP-EGC-NXT-XVG,3148.658031043905,424,56006.61176238312,88004.276868609
XST-LTC-DOGE-IOP-BSD,1724.5981390594263,376,20192.542884907594,61023.37992723127
LSK-REP-DGB-AEON-DCR,1063.6184873452191,339,25157.80831149956,52073.76593086945
BURST-DGB-EXP-IOP-XMR,808.7519670582678,352,12728.431532418032,28196.830089915064
EMC-DGB-TX-LSK-AUR,1359.3674677162292,366,21366.21683750478,53068.386647767424
AUR-STEEM-BSD-ZEC-MONA,1187.6628169622065,308,26399.10787722913,49744.53232754822
WAVES-BTC-VRM-ABY-VIA,1137.63179414892,318,16492.067424500317,39262.693284539746
ENRG-NXT-NLG-AEON-MONA,1902.1848157163959,390,26239.110994829076,53888.53684718831
EXP-STRAT-WAVES-BTC-SLR,491.21897865849274,291,10858.796547801758,17859.421736986496
NAV-XLM-XCP-NXT-XVG,2759.421460033346,371,63670.22083841988,89443.33001649071
PIVX-OK-BCY-ETH-RDD,1145.8177242102197,342,20234.458017451045,44478.857578510266
RBY-AUR-SLR-STRAT-XMR,679.5083729162823,300,11942.826895495671,24550.39878977856
EMC-IOC-STRAT-LTC-XVG,1952.683962433166,370,60130.13539206912,70353.67516111219
SYS-LSK-XLM-ENRG-NAV,1240.6569433719258,337,27685.188844295295,55878.38047755322
PPC-POT-BTC-EGC-LBC,639.9088012237521,300,11649.72490323296,22552.221406228477
XVG-DOGE-DOPE-EMC-ZCL,6881.664914609998,438,61831.10490957152,214313.77058228484
SHIFT-XRP-FLO-TX-LTC,1060.5815118702967,355,17068.368060513443,40583.36162568923
XCP-SEQ-SBD-BCY-POT,820.3677544069138,320,11109.782722613518,22193.906961490124
PIVX-SHIFT-ZCL-XVG-NEOS,4664.054534543376,436,60958.65633370751,133627.07007173
NXT-EBST-EXP-BSD-SPR,2607.2683286898136,437,13693.373135534299,58294.41200990057
IOP-EGC-SHIFT-RDD-NXT,2281.0365026045324,402,17122.259033481783,63336.534755111126
XCP-PPC-WAVES-ENRG-AMP,482.9960967806604,335,7505.219494174844,14912.679751231768
SHIFT-VTC-POT-MONA-LBC,1668.9805526846278,363,29977.153294777716,52374.060024649494
NAV-WAVES-RBY-EFL-SBD,1075.6121978286496,328,12214.437750064923,35198.715405645875
BYC-DGB-XMR-PPC-EXCL,919.7680416999455,339,19195.601109408883,38215.07610992618
DOPE-AUR-NXS-GRS-EGC,5129.090173273454,419,60970.245436197285,179432.66414576976
XMY-XMR-DOGE-XST-DOPE,2571.2113516255367,364,22554.761062369973,80403.5770378449
FLO-POT-NXS-XVG-ETC,1534.2413024519658,365,56802.1655130158,54296.65900847216
BLK-PIVX-SYS-DCR-STEEM,607.7402430675227,303,18151.072727430666,32866.685067525046
ETH-REP-TX-XVG-PPC,1639.387268992811,364,57886.46298727947,67370.9633923551
AUR-STEEM-BSD-RBY-DOGE,748.92241295314,306,11851.276386062658,29435.506982627856
EXP-RVR-STEEM-DGB-BURST,821.3263213930845,325,13284.628646489295,28341.71696488827
CLOAK-ERC-SHIFT-SYS-EMC,1957.8602723987888,378,31825.615933945126,86232.27969687154
MONA-GRS-ETH-NAV-IOC,3257.3590152870865,376,72361.17306486107,137484.92826541292
XMR-STRAT-AEON-PIVX-DOPE,1654.1853889319163,354,19358.870431257325,56750.81749691618
REP-SBD-PPC-IOC-BURST,785.2784607882934,318,9740.091831516414,25413.732494180556
BLK-GRC-OK-NLG-PPC,785.9502008413715,340,11587.941320642498,24018.585374209975
NAV-BSD-PPC-EBST-ERC,2295.6690326576067,381,18972.26950605164,76006.83859296123
NEOS-NXT-VIA-SEQ-TX,1824.9071273417321,389,18410.336827055766,48352.14451157491
DOGE-BSD-ZEC-XVG-CURE,1454.930222699024,335,56988.74194702255,60934.72150077723
BTC-EGC-BSD-REP-ZEC,722.7588486160837,295,14995.454619127035,32619.595159887067
SPR-DMD-CLAM-ZCL-AMP,1795.0605352088967,423,12505.354516912099,45604.912724826456
DOPE-CLOAK-XST-POT-SEQ,5018.047068537328,406,35270.34639421859,143833.0631650568
AUR-SBD-IOC-MONA-RBY,1715.1618635084596,344,22155.491248467377,45128.037598506
LBC-GRC-RBY-BTC-BURST,610.4624834764973,300,11464.098035845567,21588.35011674293
XVG-SYS-CLOAK-GRC-WAVES,2192.9322006679595,365,69609.24334905142,87876.53965748081
BRK-VTC-ABY-NLG-MONA,2230.116308429735,384,29578.26562195274,64274.21291792244
MONA-EXCL-CURE-LSK-XRP,2201.1839216876883,338,37147.149849347494,83561.93374577002
DOPE-AUR-SPR-OK-EXCL,3508.9456096813065,431,17880.990251491057,82548.52053624258
ENRG-BLK-DOPE-PPC-RBY,1107.626904135487,345,10400.435844519447,32326.51457173305
SHIFT-BCY-ZCL-SLR-XRP,1509.867418911069,405,14275.165970764137,45663.20148683408
XMR-FLO-BURST-BSD-PTC,1072.607916912615,329,19587.760556255835,45377.98429240461
NXT-EBST-REP-ERC-BTC,2100.948949231063,359,18574.673242334004,72632.69757339876
NLG-ETH-NXT-RVR-LTC,910.0530464498418,294,17309.797937586492,32571.234752393677
VIA-LBC-VRM-RVR-ZEC,1267.669480331018,350,14302.240701140208,34459.49069442457
SBD-XCP-ZEC-XMR-NAV,796.6386327011207,306,13578.678606639278,28685.554564679504
DGB-POT-RDD-DASH-AEON,1136.162693559075,348,18095.270523595045,44133.57778915418
MONA-XMR-EMC-EFL-LTC,1422.8948427409198,321,33795.75491358263,67465.34496436917
ETH-WAVES-CURE-EFL-EXP,572.9564276129204,280,13273.66919945622,23437.855108125994
REP-NLG-EMC-SHIFT-CLAM,642.9644528951146,333,12754.595263399158,24652.52637300473
CLAM-EFL-STEEM-BCY-DMD,525.7730611683369,283,12554.150061911478,20281.45514720777
PTC-NXS-PPC-EFL-ENRG,1190.8428034708954,341,17165.953948648486,38366.71347925947
PPC-AUR-NXT-XCP-CURE,821.0399201835835,314,10297.981155024347,24375.942347286356
AEON-BRK-EXP-LTC-ENRG,1224.054413257288,354,14887.805823708384,35447.70808886706
BURST-LSK-XMY-EXP-STEEM,1000.8882765673924,324,20542.523319003816,36181.717397117245
NXS-WAVES-BYC-MONA-REP,1505.283987118879,358,29851.268051583083,57465.98501161971
OK-DMD-VTC-ZCL-XRP,4728.966818643314,449,24418.98138391801,133552.34665634565
XMR-GRS-DOPE-PPC-ZCL,5804.995433158347,470,62254.11333785531,216045.84883586207
BRK-XRP-OK-POT-NXS,2123.7889414409738,395,17317.467258645636,56316.4942845709
OK-PTC-DOGE-RDD-BURST,1522.1747772714787,347,21841.439213215042,58464.38035548023
NEO-BSD-LBC-DOGE-AMP,1379.914621909571,356,84510.84339042768,46808.02337574681
POT-FLO-BSD-IOP-SLR,992.311010059328,378,9517.926935779407,27637.48616622229
BTC-DGB-SBD-AEON-NAV,1528.043364364911,363,16681.16445113462,53043.20797766422
NLG-EXCL-SEQ-WAVES-FLO,933.5656528627973,334,17111.48263669123,32172.50674636629
LTC-EXP-AMP-DOPE-BTC,967.0598070199927,314,15824.904186332518,31858.999595242218
AMP-CLAM-BTC-LBC-BCY,340.0263508366575,296,7930.243718192744,11376.23939417658
ETH-XMY-ENRG-SPR-GRC,1049.8763263964504,367,11689.407629708732,30649.577338867188
XMY-ETC-POT-FLO-REP,591.8313776355005,302,9644.177698806869,21703.918263920237
XRP-LTC-DOPE-BLK-BYC,1326.2541161573795,351,18223.435193653324,46898.409765389406
SYS-NEO-ERC-BCY-XCP,1585.5710814282777,375,87950.90721843333,59042.158776143304
BURST-VIA-CURE-NLG-LSK,1045.2957901186003,321,23148.074570990437,40360.39245433203
GRC-MONA-EMC-WAVES-NXT,1111.0547536236834,311,26680.63893933302,42972.67663382486
ETC-DGB-GRS-DMD-NLG,1498.5330981120946,367,56681.32578696673,67163.1745301519
ERC-ZCL-SBD-NEO-XCP,5789.534665849504,445,89488.56339126962,167377.23289214345
BYC-RDD-SYS-NLG-IOP,1242.9668045017568,371,16377.993830367435,42894.02613666974
DASH-ZEC-XVG-GRS-XMY,4450.911485046972,414,101741.74332490518,180734.08212581722
EMC-RVR-OK-DASH-DOPE,2953.3363240052854,378,20105.258874641644,82393.79720476066
BLK-AEON-AMP-LSK-OK,1651.502640503859,379,22080.85994304502,48824.1699428118
RDD-IOP-BCY-IOC-NAV,1224.0006448241686,375,13064.162368370367,33296.841577867766
NLG-IOC-BRK-DASH-WAVES,774.3760174054191,317,11524.81808920513,23153.92880265455
ERC-VTC-ZEC-AEON-NEO,2781.6021210445556,381,94949.48270762563,115525.3665975516
NEOS-BCY-DCR-BURST-NAV,556.2226061093211,297,14777.719558632842,23543.85210789215
SYS-AEON-MONA-EBST-NAV,5043.020619436255,439,32995.03775942088,158296.4552074956
NLG-EMC-PTC-EBST-LSK,2919.954831410498,394,26341.219923575947,89107.94339711101
ZCL-EFL-DOGE-VIA-LBC,1707.152970952711,416,16157.157472667623,52551.423630994126
ZCL-DOGE-NLG-REP-DCR,1103.8135522117245,370,15876.970579505465,45717.76151713493
SPR-POT-SYS-NEO-PTC,2490.31529714952,391,89433.26975184433,83983.29993096687
NEOS-DGB-SYS-FLO-XVG,1436.1767586381245,350,57038.3486440468,53612.92997740152
XST-STRAT-DGB-BTC-SLR,1226.4686516202219,352,19310.42655221864,45711.383836366964
BTC-ENRG-EMC-DASH-XMR,677.667486964612,264,17940.51314975807,33413.04607874804
EBST-STEEM-REP-EFL-VIA,1958.997153864413,396,18726.139683657348,68942.4081106885
CLOAK-EFL-ZCL-OK-SLR,5296.46864325838,454,30022.354525885286,151559.68537781952
TX-AEON-ABY-XMG-CLAM,1486.557724754277,371,13146.125829232678,42855.27903911518
SYS-EFL-TX-MONA-DMD,2164.238649312044,368,30187.79834655193,75422.43055323335
NEOS-DOPE-AUR-CURE-FLO,1285.5328524809952,350,11821.345730173689,36634.88095013362
XCP-NEO-ETC-STRAT-EMC,1308.005744298885,340,85578.15658099142,50652.63229619834
XMR-EXP-SPR-MONA-DMD,1751.6286932895537,384,27922.02662981445,50279.52591354408
DASH-POT-XMR-XCP-VTC,783.5844454858973,292,18521.203751744506,29203.88710145452
XRP-BYC-LTC-SPR-BTC,933.295838078193,335,17876.397696238233,35670.216719349206
BRK-IOP-ETC-XVG-EGC,3056.249470147671,427,55176.571595293055,83361.71233288257
XRP-SYS-AUR-REP-DOGE,520.227316479827,283,11752.17888855803,23973.316634012648
SLR-STEEM-TX-LBC-XVG,2189.057580424781,377,56308.00461321608,70352.2797764357
XRP-BRK-AEON-CLOAK-ERC,2728.7850911857245,395,29495.50901725174,90947.31459909547
FLO-EMC-PTC-EGC-XMY,1592.6035473058257,365,18293.658947410047,55829.95491317133
MONA-VTC-BLK-WAVES-VRM,1909.5260226129265,357,29916.956920501227,59677.74771575286
GRS-EXCL-DASH-XMY-AEON,3929.172425966314,437,62599.316586347835,143998.3484879109
XCP-BSD-EXP-RVR-BRK,1359.951398470478,369,11715.339213429752,32098.898245613906
AUR-AEON-ZCL-BRK-SPR,3591.907056722383,474,14689.609150371114,86729.48211459306
SBD-XMR-EFL-TX-XMY,1808.2951824986953,378,15308.523963872527,53172.79981243845
ETC-PTC-STEEM-ENRG-EFL,893.058522848855,339,14868.256007871407,31912.61945032978
IOC-BCY-XVG-NAV-XLM,1974.9034045167678,365,61734.01233105649,66662.59887729667
EMC-XLM-BTC-RBY-OK,1634.3378052571722,355,23272.05544489977,69659.97336339267
LTC-ZCL-XVG-ENRG-MONA,7100.949562651538,435,74982.69623630111,229922.43429613957
RDD-AEON-XMR-VTC-LBC,1800.425131969629,373,23715.35855455477,62534.12020915485
IOC-PIVX-MONA-BYC-ABY,1761.0657562527485,368,27495.491725904696,51947.90768347626
BURST-IOC-SLR-DMD-AMP,884.8348176745797,367,11746.717292838131,23654.50586582064
BURST-DGB-EFL-SPR-EXCL,1311.7102222927392,392,15819.524839560676,44238.859732579214
RBY-PPC-EGC-MONA-ETH,1226.0566345877762,316,27153.771263342485,49584.856830342454
VRM-SLR-XCP-LSK-AMP,1152.987671266011,359,17360.4002543654,30572.61116602734
BSD-EXCL-ABY-FLO-AMP,1047.54576011661,343,13834.473934053147,34103.073441932254
IOP-REP-AUR-RVR-NEO,2455.565785025203,386,84174.61513019669,72761.6831834802
BURST-FLO-EFL-OK-DOPE,2166.4555445444093,395,17628.53920658916,66677.02101760046
VIA-AUR-EMC-PPC-XVG,1898.1459926953119,378,59608.033401347566,71559.8204431833
XCP-AUR-MONA-BURST-XST,2325.0052033420466,386,30570.88717787744,72890.35603667697
LBC-DMD-ENRG-BURST-LSK,1123.4915460256925,339,20159.333351096422,35503.140360840276
BSD-PTC-AUR-IOP-SLR,1432.118821572284,361,13609.646020038108,40647.38976501857
ETC-FLO-SHIFT-RVR-DCR,845.6977147844932,363,15813.769742433153,32536.40848343435
POT-REP-ZEC-XRP-AUR,422.39442815639785,243,9255.881292975657,19143.958503364047
CURE-MONA-BRK-BLK-DASH,1693.113965408767,340,26730.642079627265,55751.35798102437
NEOS-BCY-DCR-XLM-DASH,581.4971739398509,315,19576.502423536083,27998.350151642604
XLM-LTC-CLAM-XMY-LSK,1192.4885274668018,332,27998.413839366527,51315.80008085987
CLOAK-EMC-XMY-REP-ENRG,1854.614808562913,394,25555.798386806615,62778.20908221191
NXT-EFL-XST-NLG-FLO,1378.8227665874056,371,17942.665524004016,43612.90242145579
STRAT-DOGE-NXS-TX-DCR,900.3634770477582,351,17320.24548628898,38145.24611748055
XCP-SLR-TX-DOPE-SYS,1705.43381388383,399,14242.708958535855,49662.64699149149
BSD-SLR-NXT-AEON-ABY,1691.263869577605,369,14588.292279656796,46489.157695579386
DGB-TX-POT-CURE-STEEM,996.410922647565,359,13401.667650074936,37392.4152398406
ZCL-SLR-NXS-VTC-DMD,3730.34318844757,426,23562.305942246072,104092.24756752026
SLR-EMC-BURST-SYS-ABY,1011.5826879758749,397,14657.539909975896,38364.90446992326
DGB-DOPE-RBY-VIA-BTC,1494.9115292831546,350,18404.83862960554,55470.82968370391
SLR-BCY-RBY-NEO-BLK,1343.8757016944176,348,82723.10049596554,43688.02555631366
AMP-ETC-WAVES-LBC-RBY,456.10375188216295,321,7183.6820463732,14405.494283799493
BYC-EBST-GRC-XMR-DCR,1529.8808913499636,347,21179.23137507784,60190.09914424969
LBC-EGC-SEQ-GRS-NEOS,2757.469873651093,406,58433.11512960597,89407.603207806
DCR-MONA-AMP-DOGE-NEO,1762.2860545934006,345,101335.39387973252,85103.87928223982
EXCL-AMP-NXT-RBY-PPC,884.1651999983209,353,12430.730730454714,27027.677047332894
CURE-NEOS-EXCL-ETC-SPR,1028.5820748957483,355,12104.289651663394,29564.766386996962
XMG-SPR-WAVES-XLM-EGC,1635.94932571988,375,18652.221920761214,54550.700787617374
SLR-SEQ-CLOAK-ENRG-STEEM,1932.0295250004567,385,27718.95686054815,60571.32040987447
XST-PIVX-VIA-VRM-ABY,2675.9665956248114,396,22673.62424583429,77790.7975988724
VIA-OK-NLG-ZCL-BURST,3153.9003350001813,449,20281.66207043463,91145.81726882016
XST-ZCL-EXCL-LBC-ERC,4131.262880308267,451,24768.844018114087,130937.45990972921
EXP-RVR-NEOS-AMP-BSD,929.0604126210633,348,9734.55091848486,22491.808706297874
DCR-PTC-TX-DGB-CLOAK,2145.780088714261,399,32314.701478283394,93860.56331587021
GRC-CLAM-DMD-XMY-VTC,1187.7931897827066,334,17109.83804247044,34761.30517528049
LTC-ENRG-TX-STRAT-DMD,1116.686958214129,342,16118.669601506355,37089.10345689772
AUR-EGC-BYC-DGB-SEQ,1317.000167958126,337,18217.969088277932,46209.93286933255
ETH-DOPE-VTC-GRC-NXT,1596.1394907946683,350,20247.854240790446,51167.718867668475
XRP-SBD-TX-DMD-PPC,1197.8519625821189,345,12904.202422128123,37389.81025633314
NEOS-LBC-XLM-XMY-NAV,1319.4857407324228,354,17827.259810416515,39205.863563239625
DCR-LSK-ENRG-NXT-XVG,2362.1164649683924,377,67062.63355830907,90885.47488860165
XVG-CLOAK-VTC-ERC-STEEM,4729.689925616266,423,77509.65135137351,190755.6286134083
SYS-MONA-NLG-PTC-SHIFT,1673.7259610666626,363,31576.444916614397,62015.38170888626
XVG-BURST-AEON-BTC-LBC,2184.8474789422175,379,59569.5007125068,73474.77955093568
ABY-XST-EXCL-IOC-EXP,1847.0194083272577,368,18189.48535083429,45774.964013310455
LSK-CLAM-BLK-SEQ-EXCL,1193.6636714533486,343,23890.66777549341,38734.42046522122
ENRG-EGC-ETH-NLG-EFL,799.8094831427028,319,13767.231490125365,30827.760130057588
REP-DOGE-IOC-RDD-BLK,685.8010526188755,319,12681.089265348664,25477.680884785234
SBD-XCP-XMY-NXT-BTC,1324.8402330112062,342,12752.966097129882,35018.31379531888
ERC-IOP-NEO-VTC-DMD,3624.5770673948305,390,94126.39691194586,121277.48567782364
BYC-EMC-EGC-RVR-PTC,1985.076178193853,370,20417.344802631946,60718.14374405952
AUR-NAV-EXP-BRK-DGB,952.0121773704617,330,12141.68920107943,29734.157126920294
CLAM-SBD-DASH-CURE-AUR,746.2663951778475,295,10239.155713447977,25152.02312898841
LSK-XRP-DCR-MONA-NXT,1706.4522618836725,338,37438.13572676692,75630.7740752645
SHIFT-ZCL-DCR-VIA-IOC,2201.226635615073,426,21544.693314805412,74399.80087970269
BURST-ETH-XRP-AUR-SPR,865.3593754656188,338,12889.49539491506,32002.403863145402
IOC-DOPE-AEON-FLO-TX,2290.3950893089227,424,14779.696836060413,56856.235816814435
NLG-STRAT-REP-DMD-ZCL,1616.0846966402198,397,14942.854860954132,50083.451630692434
NLG-GRC-ERC-RDD-EBST,2076.318971127596,400,18762.651568047168,67260.00298829806
STEEM-EFL-BSD-ERC-XLM,1193.74945365806,339,23312.056772091477,59251.26273849745
LSK-GRS-SPR-NXS-DOPE,6567.053438038497,467,67577.22548526568,218031.2950600386
DGB-CLAM-BLK-XMR-PTC,687.5476861107487,304,16233.538175382688,28079.87985653044
EMC-CURE-LTC-DMD-IOC,1227.391326458114,324,18425.20188515719,42102.849345074166
EBST-LTC-STRAT-XCP-SBD,2041.7059815846562,392,15152.084535015263,56743.74001235531
OK-POT-NEOS-SYS-XCP,1060.9269483656117,362,13137.79927570856,29986.2026312612
DOPE-STRAT-AUR-BYC-BSD,1591.7280369208627,344,15666.538276934938,49357.781997867954
AEON-VRM-ERC-ETH-EFL,1659.240028918646,357,19432.343401708727,58443.59015559897
EFL-NEO-LBC-DMD-LTC,2055.091517395942,327,91225.96155844952,75473.57688896435
POT-SBD-XMG-ZEC-BSD,1072.371962996416,325,11469.70711856302,34162.81916517067
VIA-BLK-PPC-SEQ-FLO,823.0618500063009,330,16545.148190560416,29468.295939740143
DOPE-ETH-PTC-XMY-EGC,2365.145103122015,343,20992.633943538,74817.2439861201
AMP-BCY-STRAT-DCR-POT,340.00363427140354,290,10743.75499963368,14383.088744470417
RVR-NEO-DASH-XRP-GRC,1846.5326872839844,334,87634.22279923799,67269.04927436885
TX-STRAT-SLR-LSK-EBST,2663.5488380879037,406,21435.885668304036,76762.00399624254
XMR-VIA-PPC-SYS-XMG,921.3091412277705,319,19315.9844661858,40087.510258573166
REP-NAV-DCR-ZEC-STEEM,504.77000720092576,265,16886.88864653267,29507.441168560712
DGB-DMD-SLR-DCR-ZEC,682.7515628091638,327,16587.32138301243,31498.021884679903
VIA-TX-GRS-BLK-SLR,2266.201059856695,397,57937.12595370045,89954.07607677567
PPC-BLK-SPR-ZEC-LTC,576.4996862163945,327,11791.885776309653,22167.573884867546
BLK-IOC-BCY-VIA-ERC,768.1859079132723,333,14092.27169908188,24081.95870607224
XVG-XMY-SHIFT-VRM-SPR,4408.969808035866,426,58640.26933922851,110859.65335628005
CLOAK-PPC-AUR-NXT-DGB,1424.557550627399,349,23980.79329504112,49154.24778209496
LTC-BSD-XRP-STRAT-BRK,1137.9137957057687,318,16689.352552469798,42639.40651453292
BTC-SPR-XRP-SBD-PTC,1293.8302542178758,347,15362.30005855788,41095.5388059613
EMC-STEEM-NEOS-DGB-VTC,1143.8680252037652,362,18808.67397235189,45025.91503999437
EGC-AMP-STEEM-XVG-ZCL,4240.658758584316,422,59693.46667876677,136723.54411587433
XLM-ETH-EFL-OK-SYS,1355.5484250997315,363,24818.45881729805,65356.95328902558
EGC-XMY-DCR-ETC-CLOAK,1565.5680640791084,364,28422.13763582412,64047.85374039099
EXP-PIVX-IOC-GRC-DCR,527.8778021599169,299,13450.676457288606,19473.246060373058
RVR-PPC-TX-NEOS-ENRG,1104.036023190922,362,9898.5762996943,29003.020324566383
SHIFT-IOC-AMP-NEOS-CURE,801.7079139456586,340,10664.544806658905,21771.294060362325
EXCL-BLK-ERC-ETC-CURE,844.1715658391703,313,15762.989320571985,32482.19696963357
POT-RBY-EXP-GRS-AMP,1342.115512853242,393,51264.99926009002,46822.96842960802
XRP-NEO-ERC-BURST-STEEM,1957.2116348563682,348,90920.98430066575,91918.81823910585
LSK-BURST-ABY-SBD-ERC,1598.4712383545325,352,21332.758666991675,55193.96660714851
SHIFT-EFL-SBD-XST-VIA,2507.671955274255,372,22497.999069450965,77688.09906834304
EGC-XST-PIVX-BURST-GRC,1560.9119372578352,354,20367.091551847876,54288.83365184947
NAV-BYC-ENRG-AMP-TX,1028.1855797502478,373,13302.7844313622,30416.055863205926
AUR-XLM-DASH-EFL-BYC,1005.1332812591424,330,20523.573469890027,41068.32234830668
BSD-DOGE-BLK-BRK-VIA,970.8302124924434,331,14964.740354403017,34118.490499482636
REP-SYS-DCR-ZEC-ERC,540.8484338590586,296,18195.58078850996,32852.46118948716
XCP-ETC-FLO-ENRG-PTC,728.6719303894682,352,11793.316472787577,22706.50619949675
XVG-FLO-BURST-SYS-TX,2058.6832335328595,396,58659.02549206396,79486.68325642997
NEOS-POT-SBD-DGB-BLK,812.1755214649257,344,8382.372881328474,24015.621153980457
FLO-XVG-RBY-POT-BURST,1476.4222638163708,363,54959.186378130325,53325.45413084747
POT-LSK-PTC-DOGE-RDD,1075.7681579329471,325,24903.359084235097,43350.98220862641
BLK-ERC-TX-BTC-SPR,1151.1836906153353,370,14485.788309122121,38313.19535070259
GRS-XRP-XCP-CLOAK-TX,3619.536722084352,437,68295.78077504429,145589.90864484786
RDD-ZEC-BYC-PPC-EFL,773.616723890795,317,16502.283882875312,31893.787518413614
SLR-XLM-BCY-NXS-EXCL,1345.7707187367198,380,21633.67154009925,45296.036129357024
ETH-LSK-EMC-PPC-SHIFT,919.0154884052426,320,24139.07424623854,42708.108929085145
POT-NLG-AMP-XMG-ERC,742.6912281243856,321,12073.741939616693,24164.29362484217
DOGE-BRK-VIA-RBY-AUR,968.4928239651113,331,12899.027647059247,31529.491203916004
BYC-MONA-ZCL-ENRG-FLO,2854.984189673365,427,28419.55332935977,89909.30747660244
XMR-REP-NEO-BTC-LSK,1501.092968846717,286,98236.56927248475,82143.05463267751
DASH-NXT-XMY-RBY-PIVX,1276.5659810949412,335,14877.400684946673,38305.67932255914
NAV-RBY-PTC-OK-SHIFT,2340.114353985732,373,20927.748930756185,68909.0110122457
VTC-IOP-PTC-XMG-EXCL,2549.017371397168,379,22426.473161281116,70975.81668289063
SPR-NEOS-XMG-DGB-SEQ,1693.4525087240252,386,15050.51421895689,44152.776718903806
MONA-BCY-XST-NXS-AUR,2572.4588500821483,409,32240.905253549237,76908.54428910956
BRK-NXS-ABY-EBST-VIA,3952.155057065612,417,20093.57372110666,98770.12591152426
ZCL-BSD-SHIFT-FLO-DGB,2291.3395715127212,425,17567.169343435147,79756.9309896875
DOGE-BTC-BCY-IOC-ENRG,457.4212419655993,296,9333.825986167425,15312.42502312566
NXS-ERC-ETC-XVG-ZCL,5237.704204888924,450,63249.60047760948,171299.48115765594
IOC-IOP-XMR-LTC-NAV,1169.2990393374762,364,16883.80844124117,35838.81302759904
SEQ-XCP-LTC-IOC-XMR,981.6721965995383,326,19680.524507023656,32436.995638746415
BCY-BTC-BYC-LSK-XVG,1758.1586328872313,345,66182.8018926995,67334.18658016801
NEO-DCR-TX-ZCL-ZEC,3566.507875660272,417,91919.24090290738,158495.0273570644
WAVES-NXS-ENRG-AEON-SPR,1702.931713512775,432,14453.830540183253,44480.254663572254
MONA-SYS-ETH-LSK-NXT,1548.6666981872984,329,37268.350988688115,69995.2446066942
GRS-RVR-XMG-LBC-XMR,2855.353028950269,400,58922.653090722146,100730.60109900369
POT-BLK-REP-PIVX-LSK,609.2706775624721,276,18780.802062611852,25613.99568551458
EGC-STRAT-BURST-AUR-GRC,795.6172627197933,300,11494.408758310234,27927.424287260124
NEO-LBC-EMC-MONA-EFL,3285.089142256829,374,101343.92812872106,120439.1047376639
VIA-RVR-XVG-NLG-CURE,2645.8366524438643,371,59943.75316507748,80782.29395127068
PPC-RVR-AMP-NEOS-XMR,726.964030532975,331,11743.951209071543,21918.025812816915
MONA-BTC-IOC-RVR-VIA,1816.6034824633457,359,29982.842866942297,56660.27279644299
GRC-AUR-SHIFT-SPR-NXS,1322.2579599093071,394,13829.835067099168,36696.891745391134
EGC-ENRG-SHIFT-EFL-VRM,1615.8089259895469,351,14964.5534434672,47247.040664615764
NAV-XMY-XST-LTC-ZEC,1645.1117996235973,343,22875.18933423252,60166.852589366536
AEON-NXS-STEEM-RDD-NLG,1626.236871090633,368,20550.874701751578,58227.40317399138
AEON-DCR-BCY-BRK-IOP,1224.9748270473185,399,14190.93652092793,37686.72520176397
NLG-GRS-RDD-GRC-LTC,1852.17952552776,364,61211.7638457041,88320.55101524445
SBD-BSD-XRP-NAV-EXP,1199.2055613511568,343,12771.367594558105,35957.44803328717
NAV-PIVX-XRP-VTC-BTC,1036.6900721789348,294,21660.56681120121,43384.11677685567
SLR-DGB-LSK-BYC-DASH,1081.5669835347182,333,22684.489656836322,42253.011348119624
BLK-POT-ETC-BYC-SPR,675.6467588775711,361,9592.27924782818,20297.72990209195
LBC-WAVES-NAV-PIVX-EGC,880.4231569001499,314,14630.085173849398,30872.5047634999
BSD-SEQ-BRK-NAV-DOGE,1421.926809113029,343,18196.135053288475,45719.01424225334
LSK-BRK-NXS-SBD-CLAM,1797.6407848733397,359,20449.95805646895,49741.243723501815
IOP-ZCL-ENRG-DOPE-BSD,4022.0709656656777,461,14961.141173018448,102482.59180614853
CLAM-STEEM-AMP-VRM-EXP,624.3108318151355,334,9214.77563181709,18548.714161409698
VRM-ZEC-ZCL-DGB-SEQ,2751.273845390254,435,18636.50122088662,82720.28655968251
XVG-DGB-ZCL-BTC-DASH,3728.6919947085366,391,62409.22600703806,142541.4540552614
VTC-EGC-OK-CLAM-AEON,2452.718779770657,401,21146.006744770595,67091.00441052893
DOPE-OK-VTC-XMG-BLK,3429.624184989335,394,21611.172565689674,91689.30522986452
ZCL-BLK-XVG-AMP-ETH,2600.6436322894797,389,58557.35276680959,90733.58162072863
BSD-DMD-XMY-XCP-DOGE,1269.1633197761153,364,14221.438941230457,35535.92931123037
BTC-DMD-VRM-SBD-ETC,1110.189512915063,319,14069.912869453554,35221.89491964929
LBC-FLO-LSK-VIA-LTC,915.4562836726454,334,24335.096497015333,35954.12768886599
SLR-AMP-XST-REP-GRC,935.2865155254226,368,15000.712393464211,30276.685867112938
AMP-LSK-DASH-XVG-XMY,2209.920803753931,336,64709.78441217995,72873.64969154198
XCP-SEQ-CLAM-PIVX-SLR,829.1391446757265,336,14053.127162625355,24042.038575701365
DGB-DMD-VRM-SYS-WAVES,1191.8753590215674,359,16417.10279015421,41399.081421866715
SLR-XLM-DOGE-XCP-BLK,618.6789676972634,305,14643.124892910258,24040.206342485402
CURE-SHIFT-IOP-XST-ERC,2536.2092232676764,419,21074.7317419226,78003.2097125779
MONA-ABY-VTC-XMY-BLK,2402.300146054666,394,29712.04658379769,69514.0606625477
XVG-ETC-NAV-WAVES-DASH,1355.7924862553439,323,57964.46198393203,53795.994946099716
RVR-DMD-BLK-RDD-EMC,1681.851508140102,370,18729.206169550875,53309.91341275685
BSD-BLK-XRP-XMR-IOC,822.0497222427356,307,14373.077072423504,29746.719020822886
LBC-VRM-BLK-WAVES-GRC,657.8968685664304,305,9381.920609905692,19027.736489709976
CLOAK-XMR-DOPE-ABY-AEON,3734.7622465407185,410,30519.405279308783,114216.24585567365
EXCL-LSK-POT-DCR-LTC,910.4964323183871,316,28048.88445074361,46810.618184562154
CLAM-XRP-SPR-AUR-BLK,666.0388645339095,336,7890.924201470735,20639.672286508037
EMC-DCR-REP-EFL-POT,626.6835597171238,311,16128.589551309584,31433.803061726725
BRK-VTC-DMD-DOPE-PTC,3507.1919519066787,380,24508.53514927613,89921.98470398829
XCP-DCR-SHIFT-ETC-DASH,557.5775471270542,297,15951.817929863064,24948.199255354924
WAVES-AUR-STRAT-EMC-XLM,744.5318474607222,305,17873.21244165431,33895.88330432864
SEQ-PTC-VIA-DGB-XMR,1582.854749086787,355,25452.69232797791,60207.82799097663
RDD-VRM-DMD-IOP-GRS,5245.1665165606355,445,60540.62392128187,173162.74111780056
ENRG-EXCL-SLR-CURE-ERC,1138.1310007979378,333,16306.649689456532,38468.36595691192
STRAT-GRS-RDD-XVG-XRP,4647.660825672083,403,104080.6289987148,206338.59915858036
ENRG-DCR-GRC-TX-EBST,1706.8232022747254,395,16106.268037389407,55696.11385786193
DASH-STEEM-SLR-EBST-AMP,1673.8949942062484,401,14472.676653755725,48888.51574022169
BCY-GRC-SHIFT-XMG-IOP,984.4714749278871,359,10523.437991033035,27199.14442556277
SYS-ENRG-AMP-EMC-BCY,573.0235069840369,356,11038.983696806245,20337.49366921491
GRC-SYS-ABY-SBD-ERC,1067.2661127626682,331,13600.437944814348,38434.07567689833
ZCL-XLM-SBD-NLG-BURST,2503.834236458966,407,19244.848410769686,80051.20356549803
VIA-DASH-IOC-EFL-GRS,2322.8412767886734,396,59936.54157521092,89370.18754645833
BRK-DASH-NEO-EGC-DOGE,2224.44171379978,333,88317.5203005884,83146.86909436467
GRS-CURE-ABY-XCP-NXT,2684.857913581868,416,55512.09815651205,88805.87843508407
CLAM-NAV-XVG-DOGE-ETC,1019.6551598896356,316,54822.64859799486,38690.98488832093
EBST-LSK-SEQ-FLO-CLAM,2124.727539084518,384,23769.388001357253,63297.30663805967
ZCL-REP-AMP-DCR-IOC,1152.0979127861444,384,15082.77797307981,42232.494244873145
EBST-SBD-CLAM-DGB-AUR,1900.036329199742,403,11526.061885630974,53956.208400856194
SEQ-DGB-VTC-TX-EGC,2045.272521592227,352,22554.425321386698,72248.52991207689
XMY-SHIFT-XMR-IOC-BURST,1277.2839989855688,355,16730.719441267112,38735.456617370175
VTC-BRK-BURST-PPC-DCR,949.612528944347,332,20273.66324840939,41987.58083512615
VTC-DASH-REP-CLOAK-SHIFT,1937.959289981612,380,31974.83193548541,72490.19466980858
EFL-PPC-ETH-RVR-XST,1434.6789639363635,351,20364.471263542844,50903.07193800683
BCY-SLR-IOP-ETC-POT,514.9514123955879,343,5949.548230802125,15018.727682388651
POT-EMC-SEQ-PTC-EGC,1645.4494316136638,364,20747.771335386235,53466.54818025077
IOP-RVR-XMG-XMY-LSK,2584.9592690136,390,20099.30160593743,63126.6099361
XMG-LBC-POT-ETH-SHIFT,885.5835390953445,328,14255.729109429027,29157.962517139866
LBC-ETH-XLM-EBST-CLAM,1514.4341841119544,381,19481.179915799992,53599.70859708157
LTC-SEQ-EBST-NXT-SLR,2808.6065703977524,404,21164.191756955774,75631.61671778599
VIA-NEOS-DOPE-EXCL-NEO,4481.2456289917745,409,93285.53650539504,132591.10380780685
VTC-BSD-XST-CLOAK-OK,6583.61673239371,429,39783.22028951168,200623.5872422534
SBD-STRAT-ABY-NLG-XMR,898.0991512534104,323,11948.568517102409,28602.574344319204
LBC-CLOAK-EFL-NEO-SPR,4062.0007371286238,411,97647.76005673586,122827.17726750957
ENRG-STRAT-ETC-BSD-LTC,599.7717502265931,285,13902.663127375563,24811.418375071567
ERC-OK-ZCL-EXCL-CURE,4726.239338923656,448,23249.85677466619,145090.25583592986
BLK-VRM-GRS-IOC-NEO,5649.522212369817,427,129352.363402488,190339.31136293462
XCP-CURE-LBC-DOPE-TX,1664.5267806850259,391,12671.701879837483,42551.32558662041
LBC-DOPE-NXS-VTC-EFL,2465.104450330319,396,21071.109927684127,66804.37472446164
STRAT-LSK-ETC-EBST-TX,2156.265992625864,378,20823.14722180877,68228.76675011823
NXS-SLR-LSK-ENRG-EMC,1555.2441944789682,374,22617.521450929336,50364.93618726132
BYC-WAVES-STRAT-AUR-XMR,592.6601922483894,273,14773.256306664069,25081.378521464492
NAV-SHIFT-ENRG-EFL-AEON,1589.158006964727,384,16738.940498836444,48106.11703126123
DASH-DMD-BLK-BYC-LTC,907.0743337082326,313,19170.74114573669,34856.63953789038
VRM-PIVX-DCR-DMD-SYS,1132.7801835811101,335,20741.424578349568,48186.494755341526
CLAM-PPC-NAV-EGC-GRS,1613.5455621782673,363,56443.71904338636,70353.67948701516
LSK-BLK-BURST-CLAM-EXP,525.4485084555927,298,16432.437993298965,19638.349808006
CURE-BCY-NEOS-DASH-ETH,524.3398429669246,268,12789.243774965482,20313.01559465634
DGB-VTC-PTC-BCY-PPC,822.2215589431437,324,18546.683953180174,31583.207269889157
DCR-BLK-GRS-EGC-VTC,2284.803230312381,385,64193.14197771847,116638.19226569413
XMR-EXCL-CLAM-IOP-BCY,741.0142672327811,328,12830.45633384993,23646.699925651734
NXT-PIVX-POT-GRC-BTC,584.4128234578025,262,13519.439388141585,22141.6884691225
XMG-NAV-NEOS-VRM-DASH,1657.4921905709662,334,15107.223632989222,44369.01712486457
XCP-EBST-RVR-BCY-BRK,2408.068938263956,414,12628.571594027933,49790.7001686462
TX-DMD-AUR-ZCL-XMR,2712.152477946762,378,18511.505022429308,82278.72933184364
ERC-ZCL-REP-VIA-SBD,2670.2617462488342,427,18686.06978145156,88356.71152360662
CURE-BLK-XVG-LSK-SPR,2590.5570420768577,386,62928.55169873831,82961.31339315244
ETC-NLG-DOGE-LTC-RDD,548.0124916842519,279,16088.526564170745,24588.45846178424
VTC-WAVES-NXS-SPR-EFL,1594.0542076502347,397,19057.042374810517,47799.292319436194
SYS-NEO-XLM-EMC-ZCL,5517.199820026598,437,97981.84000238456,227759.66678219993
STEEM-BLK-PPC-XST-BURST,978.9931772321843,333,18028.43631087597,38809.49924439556
SEQ-NAV-ETH-XMR-DCR,820.1089300801286,294,25114.09972767354,46554.46041771713
GRS-EFL-NAV-ETC-SHIFT,2061.2489470200894,377,58778.189355567236,88613.70316015475
NAV-PTC-AMP-FLO-XVG,2072.809205217848,380,59794.8098009736,66411.49404012861
BCY-XVG-VIA-SEQ-NLG,1921.0280370280213,361,61079.19001783109,61988.46361735374
EGC-DASH-XLM-DOGE-IOP,1059.508860223636,351,17659.475914878618,43321.57042283069
ENRG-CLOAK-EXCL-SBD-SHIFT,2561.5994070924316,394,27227.818073597577,75613.27142507833
NXT-VIA-VRM-RDD-AUR,2019.616811350944,375,18799.6558192422,58106.335536931976
RBY-BYC-EGC-BSD-BCY,971.3190069248484,324,13857.710961066645,32631.70252017393
LSK-BLK-BYC-DMD-POT,1059.320952553419,333,21447.43327815152,33791.8280034668
GRS-EMC-REP-FLO-AUR,1807.5290555256997,400,55935.98162049178,85478.02307068635
ZCL-ENRG-BURST-EMC-CLOAK,3525.9944463294996,430,28250.113088234837,117293.45201807545
ABY-NEO-STRAT-DCR-ZCL,4157.029190321807,434,91313.7285514559,153093.68470576423
EMC-EBST-XMR-REP-LSK,2129.1446961117367,358,26018.73099297917,80800.70939017506
XST-DGB-SBD-ERC-BRK,2561.5340613537574,400,20512.875074974923,83548.69070633368
OK-NAV-WAVES-NEOS-ZEC,985.1789695402435,335,14354.254504710581,31620.345985438034
AUR-VRM-NXT-PIVX-PTC,1460.1529402202596,326,17003.30574067444,43480.34910006155
SBD-BRK-NLG-NAV-POT,1233.1871499923877,353,11109.994577289213,33027.48718966663
SEQ-EXCL-XST-XVG-NLG,4639.003241348872,404,68631.50980128102,146451.58616972173
BRK-AEON-DOGE-EBST-RVR,3409.842150490223,429,16236.911572904835,79616.66585341826
NEOS-ETC-NLG-MONA-STRAT,787.01076940343,325,22153.392658388264,27167.63562268966
IOC-NLG-NXT-DOPE-BYC,1551.1924633073127,356,14513.471594971585,38480.25834682562
LBC-XVG-NXS-POT-ERC,2169.0267656926912,372,59743.61446907719,72663.78111877543
BTC-CURE-MONA-PPC-LTC,945.4346050165324,280,30275.646559942565,45347.30746861677
LSK-VIA-ZCL-DOPE-XMR,4315.682263262369,418,29761.579136947945,136602.2158991988
EFL-DOGE-BCY-XVG-EMC,1437.8870810251226,372,56535.64038525435,53686.32538698398
MONA-XMG-NEOS-EMC-NAV,2193.126662486018,363,28668.958263983233,70350.40211589457
ERC-WAVES-DGB-XCP-NLG,690.3883983387647,336,13028.693063979896,25504.959446509227
AUR-PPC-LTC-EXP-EXCL,661.1486880080406,281,14992.020287558993,25046.7192329751
NXS-RBY-CLAM-DASH-LTC,760.8616317745924,279,16978.442786951102,30831.813441359805
CLAM-REP-NAV-BURST-ZCL,1489.4910268504254,387,14918.38767112478,51081.159867541166
STEEM-SYS-XLM-BSD-XCP,1028.1983451907995,347,20733.375577384766,47080.49537282389
RDD-BRK-MONA-LSK-EGC,3380.1215889657915,391,38415.56332505211,119520.01873477508
NLG-BURST-SBD-XRP-POT,734.2383309882836,325,10079.657123948722,24575.667847658468
XMY-XCP-CLAM-EBST-BCY,1369.5261871031496,387,10950.844879369852,32983.94315865545
VRM-SLR-NAV-CLOAK-BLK,2120.342902084122,393,25331.03914493108,62301.487981803686
DMD-PIVX-IOP-ABY-NEOS,1443.045119708179,365,11992.2263868783,34485.53123332991
REP-IOC-SHIFT-SBD-SLR,1062.1170396905916,356,10995.304157253071,30405.697052454718
VRM-PTC-WAVES-RDD-EXP,1318.6370213569126,338,17934.16206267896,41037.53618828015
BLK-IOC-ETC-EGC-MONA,1240.0480250102783,357,23765.010436317603,38861.503286978266
XMG-CURE-DCR-REP-SEQ,1199.8367322914605,318,20120.60942150402,49883.44023860393
LSK-ENRG-NXT-XMG-IOP,1880.170339155571,392,18376.198224071133,48489.637659517335
EBST-RBY-ZEC-AMP-LSK,1669.101393331744,373,19117.880546334512,50404.87280511639
BRK-SHIFT-AUR-CURE-LTC,1458.4482359790184,350,16800.881553360145,45556.93242820461
OK-FLO-XST-XVG-BTC,4283.226566566615,403,66796.0624667615,143271.5094299528
GRC-DOGE-BLK-STRAT-VRM,695.3088783854528,321,9603.50338310031,21319.58719090003
BCY-SHIFT-VRM-ETC-DOPE,1391.9342929806842,370,13523.340540699766,36301.76430105055
BURST-CURE-BLK-SPR-BCY,790.003682327414,368,9655.659049160564,23571.331676410606
SYS-IOC-ABY-EGC-VRM,1639.343563625778,373,13762.186569802383,43589.05862184343
XCP-BRK-ETH-SEQ-VIA,1291.8758319588417,359,19987.469600907218,41203.48458735103
POT-SBD-BTC-CURE-XMY,1106.317617876414,313,12688.994286491588,33630.540614159196
LTC-ABY-RBY-RVR-EMC,1463.4296567850533,375,16053.953058425392,46214.60971101589
RBY-VRM-XST-NXS-REP,2343.5356970545145,376,20589.563058808886,72000.81313368845
GRS-CLOAK-ETH-IOP-DASH,3156.78228823748,403,69971.9899264043,141677.86118855953
VIA-CURE-DMD-XLM-PTC,1851.1984005381184,375,26932.36809076879,69666.72623928018
SLR-BRK-GRS-EGC-CLOAK,5085.539819895752,447,69463.01219596603,182811.14265930874
DOGE-PIVX-XMG-VRM-CLOAK,2060.863122252631,349,26761.424045734006,67387.0851023641
GRS-XMY-DGB-RVR-ENRG,3069.9206482729564,417,56745.81308994472,104016.75845925555
XMG-ERC-ETC-NXT-XMY,1467.2023935972093,342,15320.986378246946,45063.42378739199
AMP-AEON-DASH-AUR-ETC,685.9916504038027,322,11444.575638093644,22783.786697143674
EGC-IOC-SYS-PPC-GRS,2102.0723011785626,386,56900.49315194355,84836.25392077933
VTC-NXT-OK-TX-ETC,2087.1023075728763,371,19412.12026708066,58834.09454425608
IOC-XMR-RVR-VTC-SPR,1715.1939170719586,393,18079.285825672087,43458.18367021335
POT-NEOS-GRC-WAVES-ERC,561.7927032183559,294,11059.793759953303,19675.67974265514
AUR-CLOAK-GRS-ABY-LTC,3838.612498434176,432,70407.90765764292,157671.61385258712
XCP-XST-ETC-XMG-STRAT,1320.6857539495225,352,16443.95032500914,39963.20230925103
BLK-PPC-ENRG-ETC-WAVES,400.14224385884336,289,7798.006179941356,14927.38969574781
NAV-ERC-BSD-REP-CURE,1192.3014609678971,320,17633.906800126693,49336.29804014792
BRK-WAVES-SLR-EFL-ERC,1092.6410213787801,336,14559.862483493514,37063.71472239663
SBD-XVG-FLO-NXS-GRC,2517.2425180772475,398,57234.51184012265,78332.0371857884
XRP-REP-ABY-ERC-ETH,775.7499637206522,310,15831.873007997496,34943.14904925787
IOP-EXP-NXS-BTC-ENRG,1158.0351772569686,397,12291.900827115478,31070.55186268579
BCY-BURST-EXCL-BYC-STRAT,788.666519921777,314,15368.93542111328,27691.3005131436
XVG-XRP-NXT-DASH-NEOS,2050.299341207482,350,57326.27178594995,61900.95780710189
ETH-EBST-WAVES-XCP-NXT,1599.5288400841569,362,15438.465368797515,48743.87751743206
XCP-IOC-CLAM-IOP-LSK,943.0835717665029,361,14650.272843006598,22961.653592272072
DOGE-VTC-NAV-ABY-STRAT,1031.9318420549118,330,16701.77746103178,35614.748401340265
AUR-MONA-BSD-STEEM-REP,1389.5261795655338,316,26847.349924438262,56507.89114933563
CLOAK-SLR-EMC-RDD-DMD,2577.136353788213,402,31240.061431583308,87575.53828078421
NXS-AMP-DOGE-LTC-REP,711.5354865236662,324,15610.731480750503,27262.653173682575
EXCL-XVG-EGC-LTC-XMY,3681.7020040654525,371,64514.374293762616,121276.79363762593
MONA-STEEM-BURST-BRK-DGB,1707.0906984358617,360,28288.404138687998,67403.19536347214
PTC-BYC-STRAT-RBY-XMY,1429.9154043715016,352,16684.66104259415,44245.32570461677
BRK-EBST-AMP-GRC-XMY,2076.2527907187086,386,13019.370270874517,49432.77854695554
STRAT-XMY-XMR-BSD-BLK,1071.4484361903615,335,15213.593497963211,37191.88471084311
DGB-POT-NLG-RVR-MONA,1424.7595739802491,361,24980.826841706243,44117.799918232035
BCY-PIVX-MONA-BTC-SBD,1054.3720890854752,294,26171.875456996673,38401.024815718534
ENRG-CLAM-ABY-NEOS-BCY,591.251600477211,324,6214.799497608631,14856.323268077349
XMG-ETC-LBC-XMY-NEO,2240.55374865817,337,85801.005125327,69479.70901318741
IOP-STRAT-ERC-PPC-XMY,1115.9498519221975,369,12209.734976420163,34857.30167815556
POT-IOC-RDD-EMC-ETH,933.8440272612715,327,17103.66489321201,35782.531236505005
REP-STRAT-EXCL-NEOS-NLG,770.7277060272669,344,12259.734504962693,24550.272105186326
XMR-XST-ETH-RDD-AUR,1505.4574946778162,339,25296.88790382201,65164.418972020765
ETH-TX-EMC-GRS-DGB,2405.7261864050192,408,60497.50355089163,123188.33524690133
GRC-RVR-BTC-BSD-OK,1558.021140826492,348,17513.12496295104,47634.080767032196
BLK-ETH-NEO-LTC-EBST,3146.849656301086,354,93038.38732600243,130318.33628557103
EFL-ETH-AUR-ZCL-VRM,2342.8221110755044,387,16625.328720063517,70654.79070248234
BURST-BSD-DOGE-NLG-RDD,782.0136837035592,317,16016.53071780843,32307.904927397583
ETH-ABY-FLO-VTC-XST,1837.7635000750063,391,23821.613201435863,65782.03899864374
BYC-XMG-XMY-NLG-XVG,2792.436675060921,364,59228.832358208034,80344.80710321841
AEON-IOP-MONA-DOPE-OK,5962.693211510823,461,30737.669877022043,140175.67565832828
DGB-EXP-RVR-GRS-REP,1749.1552186418342,403,55394.32572977515,68792.42646092796
VTC-DGB-RDD-SHIFT-ZEC,1266.6032486877664,365,21963.73193376616,51537.52506882261
EMC-FLO-ABY-NEOS-PIVX,928.731675869167,354,12805.472495030997,30303.920296291606
SPR-TX-AUR-SHIFT-BSD,1553.5860281509788,397,13495.333520894805,43964.87659535142
